[1,["25A0ZL75RGToWIw0qI2eQR"],["_textureSetter"],["cc.SpriteFrame"],0,[[[{"name":"boom","rect":[206,281,167,200],"offset":[0,0],"originalSize":[167,200],"capInsets":[0,0,0,0]}],[0],0,[0],[0],[0]],[[{"name":"btndoublescore","rect":[271,1,177,209],"offset":[0,0],"originalSize":[177,209],"rotated":1,"capInsets":[0,0,0,0]}],[0],0,[0],[0],[0]],[[{"name":"ask","rect":[375,276,107,115],"offset":[0,0],"originalSize":[107,115],"capInsets":[0,0,0,0]}],[0],0,[0],[0],[0]],[[{"name":"add_btn","rect":[375,393,70,72],"offset":[0,0],"originalSize":[70,72],"capInsets":[0,0,0,0]}],[0],0,[0],[0],[0]],[[{"name":"btnvideo","rect":[1,113,166,219],"offset":[0,0],"originalSize":[166,219],"rotated":1,"capInsets":[0,0,0,0]}],[0],0,[0],[0],[0]]]]