[1,["ecpdLyjvZBwrvm+cedCcQy","78M3cIRxFGWbCm35sIcwsD","43rIOkAtRNGYsWo0BWRBpx","a3zjUxQNlJMISXCPstT+h3","62bZa1RpBGa6g/xrwsGCKm","7cr1HgahxE+46N53r+OjuR","58mYs3F1hJO5WlbscwRDSS","feDY2WqLhDebBCsnYDrQs4","33AntXQxRH+JuiZO3dQhYO","94+8eGJxdJ4KwePmweHwx1","faoleCrnJNUaZPp059TRu2","12LScBh7tOtbzCwhoiMXCq","01DqDHlvxPtp9ui8sV8B3r","94/cj7VEdDlYFgwBBt9ZCu","b0+0ZWyw1GmotiwjFnRPdf","1bn4CE0q9AwqI4WZm/IPaL","b29S4FHvNJVpHBK1VCQtCx"],["node","_spriteFrame","root","data","_N$dragonAsset","_N$dragonAtlasAsset","_defaultClip","_texture","_textureSetter"],[["cc.Node",["_name","_opacity","_active","_prefab","_components","_trs","_parent","_contentSize","_children","_anchorPoint"],0,4,9,7,1,5,2,5],["cc.PrefabInfo",["fileId","root","asset"],2,1,1],"cc.SpriteFrame",["dragonBones.DragonBonesAsset",["_name","_dragonBonesJson"],1],["cc.AnimationClip",["_name","_duration","curveData"],1,11],["cc.Prefab",["_name"],2],["cc.Animation",["playOnLoad","node","_clips","_defaultClip"],2,1,3,6],["cc.Sprite",["node","_materials","_spriteFrame"],3,1,3,6],["dragonBones.ArmatureDisplay",["_armatureName","_animationName","_preCacheMode","playTimes","_armatureKey","node","_materials","_N$dragonAsset","_N$dragonAtlasAsset"],-2,1,3,6,6],["dragonBones.DragonBonesAtlasAsset",["_name","_atlasJson"],1]],[[1,0,1,2,2],[7,0,1,2,1],[0,0,1,6,4,3,7,9,5,3],[0,0,6,4,3,7,5,2],[3,0,1,3],[4,0,1,2,3],[5,0,2],[0,0,8,4,3,5,2],[0,0,6,8,3,2],[0,0,2,6,4,3,7,5,3],[0,0,1,6,4,3,7,5,3],[6,0,1,2,3,2],[1,1,2,1],[8,0,1,2,3,4,5,6,7,8,6],[9,0,1,3]],[[[[4,"yanwu_ske","{\"frameRate\":24,\"armature\":[{\"defaultActions\":[{\"gotoAndPlay\":\"newAnimation\"}],\"type\":\"Armature\",\"frameRate\":24,\"animation\":[{\"ffd\":[],\"playTimes\":0,\"duration\":28,\"frame\":[],\"bone\":[{\"frame\":[{\"transform\":{},\"duration\":28}],\"name\":\"root\"},{\"frame\":[{\"tweenEasing\":0,\"transform\":{\"scX\":0.5905,\"y\":2.193,\"scY\":0.5905,\"x\":-19.7368},\"duration\":14},{\"tweenEasing\":0,\"transform\":{\"scX\":1.1781,\"scY\":1.1781,\"x\":43.7226},\"duration\":6},{\"tweenEasing\":0,\"transform\":{\"scX\":1.5997,\"scY\":1.5997,\"x\":64.0077},\"duration\":8},{\"transform\":{\"scX\":1.5997,\"scY\":1.5997,\"x\":26.4375},\"duration\":0}],\"name\":\"ww\"},{\"frame\":[{\"transform\":{},\"duration\":5},{\"tweenEasing\":0,\"transform\":{\"scX\":0.6277,\"scY\":0.6277},\"duration\":15},{\"tweenEasing\":0,\"transform\":{\"scX\":0.8207,\"scY\":0.8207,\"x\":61.0347},\"duration\":8},{\"transform\":{\"scX\":0.7074,\"y\":1.353,\"scY\":0.7074,\"x\":70.903},\"duration\":0}],\"name\":\"ww1\"},{\"frame\":[{\"tweenEasing\":0,\"transform\":{\"scX\":0.6277,\"scY\":0.6277,\"x\":-9.6684},\"duration\":14},{\"tweenEasing\":0,\"transform\":{\"scX\":0.8207,\"scY\":0.8207,\"x\":-34.5859},\"duration\":6},{\"transform\":{\"scX\":0.7074,\"scY\":0.7074,\"x\":-69.0106},\"duration\":8}],\"name\":\"ww11\"},{\"frame\":[{\"tweenEasing\":0,\"transform\":{\"scX\":0.5905,\"y\":2.193,\"scY\":0.5905,\"x\":-5.4833},\"duration\":14},{\"tweenEasing\":0,\"transform\":{\"scX\":0.8642,\"y\":-0.7502,\"scY\":0.8642,\"x\":-29.7959},\"duration\":6},{\"tweenEasing\":0,\"transform\":{\"scX\":1.1749,\"scY\":1.1749,\"x\":-46.9183},\"duration\":8},{\"transform\":{\"scX\":1.1749,\"scY\":1.1749,\"x\":-89.5935},\"duration\":0}],\"name\":\"ww2\"}],\"slot\":[{\"frame\":[{\"tweenEasing\":0,\"duration\":14},{\"tweenEasing\":0,\"duration\":3},{\"tweenEasing\":0,\"duration\":6},{\"tweenEasing\":null,\"color\":{\"aM\":0},\"duration\":5}],\"name\":\"ww\"},{\"frame\":[{\"displayIndex\":-1,\"tweenEasing\":null,\"duration\":5},{\"tweenEasing\":null,\"duration\":9},{\"tweenEasing\":0,\"duration\":6},{\"tweenEasing\":0,\"duration\":8},{\"tweenEasing\":null,\"color\":{\"aM\":0},\"duration\":0}],\"name\":\"ww1\"},{\"frame\":[{\"tweenEasing\":null,\"duration\":8},{\"tweenEasing\":0,\"duration\":6},{\"tweenEasing\":0,\"duration\":6},{\"tweenEasing\":null,\"color\":{\"aM\":0},\"duration\":8}],\"name\":\"ww11\"},{\"frame\":[{\"tweenEasing\":0,\"duration\":14},{\"tweenEasing\":0,\"duration\":6},{\"tweenEasing\":null,\"color\":{\"aM\":0},\"duration\":8}],\"name\":\"ww2\"}],\"name\":\"newAnimation\",\"ik\":[]}],\"slot\":[{\"name\":\"ww\",\"parent\":\"ww\",\"color\":{}},{\"z\":1,\"name\":\"ww1\",\"parent\":\"ww1\",\"color\":{}},{\"z\":2,\"name\":\"ww11\",\"parent\":\"ww11\",\"color\":{}},{\"z\":3,\"name\":\"ww2\",\"parent\":\"ww2\",\"color\":{}}],\"bone\":[{\"name\":\"root\",\"transform\":{}},{\"length\":46,\"transform\":{\"scX\":0.5942,\"y\":-6.5,\"scY\":0.5942,\"skX\":178.9448,\"skY\":178.9448,\"x\":98.2947},\"parent\":\"root\",\"name\":\"ww\"},{\"length\":46,\"transform\":{\"scX\":0.4869,\"y\":-3.2271,\"scY\":0.4869,\"skX\":178.9448,\"skY\":178.9448,\"x\":66.8749},\"parent\":\"root\",\"name\":\"ww1\"},{\"length\":46,\"transform\":{\"scX\":0.49,\"y\":-3.2271,\"scY\":0.4869,\"skX\":178.9448,\"skY\":-1.0552,\"x\":-43.5194},\"parent\":\"root\",\"name\":\"ww11\"},{\"length\":46,\"transform\":{\"scX\":0.59,\"y\":-6.5,\"scY\":0.5942,\"skX\":178.9448,\"skY\":-1.0552,\"x\":-68.733},\"parent\":\"root\",\"name\":\"ww2\"}],\"aabb\":{\"width\":308.0802885347317,\"y\":-102.54999651750501,\"height\":197.29660967412477,\"x\":-139.26272024188896},\"ik\":[],\"name\":\"Armature\",\"skin\":[{\"slot\":[{\"display\":[{\"path\":\"ww\",\"type\":\"image\",\"name\":\"ww\",\"transform\":{\"y\":-1.7989,\"skX\":-178.9448,\"skY\":-178.9448,\"x\":10.935}}],\"name\":\"ww\"},{\"display\":[{\"path\":\"ww\",\"type\":\"image\",\"name\":\"ww\",\"transform\":{\"y\":-1.7989,\"skX\":-178.9448,\"skY\":-178.9448,\"x\":10.935}}],\"name\":\"ww2\"},{\"display\":[{\"path\":\"ww\",\"type\":\"image\",\"name\":\"ww\",\"transform\":{\"y\":-1.7989,\"skX\":-178.9448,\"skY\":-178.9448,\"x\":10.935}}],\"name\":\"ww1\"},{\"display\":[{\"path\":\"ww\",\"type\":\"image\",\"name\":\"ww\",\"transform\":{\"y\":-1.7989,\"skX\":-178.9448,\"skY\":-178.9448,\"x\":10.935}}],\"name\":\"ww11\"}],\"name\":\"\"}]}],\"isGlobal\":0,\"name\":\"yanwu\",\"version\":\"5.0\"}"]],0,0,[],[],[]],[[[5,"popUnbelievable",2.466666666666667,[{},"paths",11,[{"yanwu_ske":{"props":{"active":[{"frame":0,"value":false},{"frame":1.5,"value":true}]}}},"300",11,[{},"props",11,[{"opacity":[{"frame":1,"value":0},{"frame":1.0166666666666666,"value":255}],"position":[{"frame":1.8333333333333333,"value":[0,-102.726,0]},{"frame":2.3333333333333335,"value":[160.653,469.424,0]}]},"scale",12,[[[{"frame":1,"curve":[0.18,0.89,0.31,1.21]},"value",8,[1,0.2,0.2,1]],[{"frame":1.5},"value",8,[1,1,1,1]],[{"frame":1.8333333333333333},"value",8,[1,1,1,1]],[{"frame":2.3333333333333335},"value",8,[1,0,0,1]]],11,11,11,11]]],"unbelievable/unbelievable_u",11,[{},"props",11,[{"opacity":[{"frame":0,"value":0},{"frame":0.03333333333333333,"value":255}],"y":[{"frame":0,"value":-25,"curve":"linear"},{"frame":0.3333333333333333,"value":40,"curve":"linear"},{"frame":0.5833333333333334,"value":0}]},"scale",12,[[[{"frame":1.6666666666666667},"value",8,[1,1,1,1]],[{"frame":1.9166666666666667},"value",8,[1,0,0,1]]],11,11]]],"unbelievable/unbelievable_n",11,[{},"props",11,[{"opacity":[{"frame":0.05,"value":0},{"frame":0.08333333333333333,"value":255}],"y":[{"frame":0.05,"value":-25,"curve":"linear"},{"frame":0.38333333333333336,"value":40,"curve":"linear"},{"frame":0.6333333333333333,"value":0}]},"scale",12,[[[{"frame":1.7166666666666666},"value",8,[1,1,1,1]],[{"frame":1.9666666666666666},"value",8,[1,0,0,1]]],11,11]]],"unbelievable/unbelievable_b",11,[{},"props",11,[{"opacity":[{"frame":0.1,"value":0},{"frame":0.13333333333333333,"value":255}],"y":[{"frame":0.1,"value":-25,"curve":"linear"},{"frame":0.43333333333333335,"value":40,"curve":"linear"},{"frame":0.6833333333333333,"value":0}]},"scale",12,[[[{"frame":1.7666666666666666},"value",8,[1,1,1,1]],[{"frame":2.0166666666666666},"value",8,[1,0,0,1]]],11,11]]],"unbelievable/unbelievable_e",11,[{},"props",11,[{"opacity":[{"frame":0.15,"value":0},{"frame":0.18333333333333332,"value":255}],"y":[{"frame":0.15,"value":-25,"curve":"linear"},{"frame":0.48333333333333334,"value":40,"curve":"linear"},{"frame":0.7333333333333333,"value":0}]},"scale",12,[[[{"frame":1.8166666666666667},"value",8,[1,1,1,1]],[{"frame":2.066666666666667},"value",8,[1,0,0,1]]],11,11]]],"unbelievable/unbelievable_l",11,[{},"props",11,[{"opacity":[{"frame":0.2,"value":0},{"frame":0.23333333333333334,"value":255}],"y":[{"frame":0.2,"value":-25,"curve":"linear"},{"frame":0.5333333333333333,"value":40,"curve":"linear"},{"frame":0.7833333333333333,"value":0}]},"scale",12,[[[{"frame":1.8666666666666667},"value",8,[1,1,1,1]],[{"frame":2.1166666666666667},"value",8,[1,0,0,1]]],11,11]]],"unbelievable/unbelievable_i",11,[{},"props",11,[{"opacity":[{"frame":0.2,"value":0},{"frame":0.23333333333333334,"value":255}],"y":[{"frame":0.2,"value":-25,"curve":"linear"},{"frame":0.5333333333333333,"value":40,"curve":"linear"},{"frame":0.7833333333333333,"value":0}]},"scale",12,[[[{"frame":1.8666666666666667},"value",8,[1,1,1,1]],[{"frame":2.1166666666666667},"value",8,[1,0,0,1]]],11,11]]],"unbelievable/unbelievable_e2",11,[{},"props",11,[{"opacity":[{"frame":0.25,"value":0},{"frame":0.2833333333333333,"value":255}],"y":[{"frame":0.25,"value":-25,"curve":"linear"},{"frame":0.5833333333333334,"value":40,"curve":"linear"},{"frame":0.8333333333333334,"value":0}]},"scale",12,[[[{"frame":1.9166666666666667},"value",8,[1,1,1,1]],[{"frame":2.1666666666666665},"value",8,[1,0,0,1]]],11,11]]],"unbelievable/unbelievable_v",11,[{},"props",11,[{"opacity":[{"frame":0.3,"value":0},{"frame":0.3333333333333333,"value":255}],"y":[{"frame":0.3,"value":-25,"curve":"linear"},{"frame":0.6333333333333333,"value":40,"curve":"linear"},{"frame":0.8833333333333333,"value":0}]},"scale",12,[[[{"frame":1.9666666666666666},"value",8,[1,1,1,1]],[{"frame":2.216666666666667},"value",8,[1,0,0,1]]],11,11]]],"unbelievable/unbelievable_a",11,[{},"props",11,[{"opacity":[{"frame":0.35,"value":0},{"frame":0.38333333333333336,"value":255}],"y":[{"frame":0.35,"value":-25,"curve":"linear"},{"frame":0.6833333333333333,"value":40,"curve":"linear"},{"frame":0.9333333333333333,"value":0}]},"scale",12,[[[{"frame":2.0166666666666666},"value",8,[1,1,1,1]],[{"frame":2.2666666666666666},"value",8,[1,0,0,1]]],11,11]]],"unbelievable/unbelievable_l2",11,[{},"props",11,[{"opacity":[{"frame":0.45,"value":0},{"frame":0.48333333333333334,"value":255}],"y":[{"frame":0.45,"value":-25,"curve":"linear"},{"frame":0.7833333333333333,"value":40,"curve":"linear"},{"frame":1.0333333333333334,"value":0}]},"scale",12,[[[{"frame":2.1166666666666667},"value",8,[1,1,1,1]],[{"frame":2.3666666666666667},"value",8,[1,0,0,1]]],11,11]]],"unbelievable/unbelievable_e3",11,[{},"props",11,[{"opacity":[{"frame":0.5,"value":0},{"frame":0.5333333333333333,"value":255}],"y":[{"frame":0.5,"value":-25,"curve":"linear"},{"frame":0.8333333333333334,"value":40,"curve":"linear"},{"frame":1.0833333333333333,"value":0}]},"scale",12,[[[{"frame":2.1666666666666665},"value",8,[1,1,1,1]],[{"frame":2.4166666666666665},"value",8,[1,0,0,1]]],11,11]]],"unbelievable/unbelievable_b2",11,[{},"props",11,[{"opacity":[{"frame":0.4,"value":0},{"frame":0.43333333333333335,"value":255}],"y":[{"frame":0.4,"value":-25,"curve":"linear"},{"frame":0.7333333333333333,"value":40,"curve":"linear"},{"frame":0.9833333333333333,"value":0}]},"scale",12,[[[{"frame":2.066666666666667},"value",8,[1,1,1,1]],[{"frame":2.316666666666667},"value",8,[1,0,0,1]]],11,11]]],"unbelievable/unbelievable_1",11,[{},"props",11,[{"opacity":[{"frame":0.55,"value":0},{"frame":0.5833333333333334,"value":255}],"y":[{"frame":0.55,"value":-25,"curve":"linear"},{"frame":0.8833333333333333,"value":40,"curve":"linear"},{"frame":1.1333333333333333,"value":0}]},"scale",12,[[[{"frame":2.216666666666667},"value",8,[1,1,1,1]],[{"frame":2.466666666666667},"value",8,[1,0,0,1]]],11,11]]],"unbelievable/unbelievable_2",11,[{},"props",11,[{"opacity":[{"frame":0.55,"value":0},{"frame":0.5833333333333334,"value":255}],"y":[{"frame":0.55,"value":-25,"curve":"linear"},{"frame":0.8833333333333333,"value":40,"curve":"linear"},{"frame":1.1333333333333333,"value":0}]},"scale",12,[[[{"frame":2.216666666666667},"value",8,[1,1,1,1]],[{"frame":2.466666666666667},"value",8,[1,0,0,1]]],11,11]]],"sg1",11,[{},"props",11,[{"angle":[{"frame":0.5833333333333334,"value":0},{"frame":1.0833333333333333,"value":90}]},"scale",12,[[[{"frame":0.5833333333333334},"value",8,[1,0,0,1]],[{"frame":0.8333333333333334},"value",8,[1,1,1,1]],[{"frame":1.0833333333333333},"value",8,[1,0,0,1]]],11,11,11]]],"sg2",11,[{},"props",11,[{"angle":[{"frame":1,"value":0},{"frame":1.5,"value":90}]},"scale",12,[[[{"frame":1},"value",8,[1,0,0,1]],[{"frame":1.25},"value",8,[1,1,1,1]],[{"frame":1.5},"value",8,[1,0,0,1]]],11,11,11]]],"sg3",11,[{},"props",11,[{"angle":[{"frame":1.3333333333333333,"value":0},{"frame":1.8333333333333333,"value":90}]},"scale",12,[[[{"frame":1.3333333333333333},"value",8,[1,0,0,1]],[{"frame":1.5833333333333333},"value",8,[1,1,1,1]],[{"frame":1.8333333333333333},"value",8,[1,0,0,1]]],11,11,11]]]]]]],0,0,[],[],[]],[[[6,"popUnbelievable"],[7,"popUnbelievable",[-3,-4,-5,-6,-7,-8],[[11,true,-2,[40],39]],[12,-1,0],[0,200,0,0,0,0,1,1,1,1]],[8,"unbelievable",1,[-9,-10,-11,-12,-13,-14,-15,-16,-17,-18,-19,-20,-21,-22],[0,"06dy3EeJJOj6cBS/ENi7q4",1,0]],[2,"unbelievable_u",0,2,[[1,-23,[0],1]],[0,"3dnMIe4FBP4KdDn95UmbKP",1,0],[5,83,98],[0,0.5,0],[-285,-25,0,0,0,0,1,1,1,1]],[2,"unbelievable_n",0,2,[[1,-24,[2],3]],[0,"0bK2IawIhJrJoXnHKKZQgV",1,0],[5,72,81],[0,0.5,0],[-227,-25,0,0,0,0,1,1,1,1]],[2,"unbelievable_b",0,2,[[1,-25,[4],5]],[0,"9d7Rh7V7VGHY7J9VOK4kTE",1,0],[5,75,98],[0,0.5,0],[-170,-25,0,0,0,0,1,1,1,1]],[2,"unbelievable_e",0,2,[[1,-26,[6],7]],[0,"b9Q9Tv4L5DiaCi+17LgiYQ",1,0],[5,70,81],[0,0.5,0],[-113,-25,0,0,0,0,1,1,1,1]],[2,"unbelievable_l",0,2,[[1,-27,[8],9]],[0,"3fKdfbkQZAibYc8I8a+AUJ",1,0],[5,37,98],[0,0.5,0],[-75,-25,0,0,0,0,1,1,1,1]],[2,"unbelievable_i",0,2,[[1,-28,[10],11]],[0,"98/jF84jdIo7kPZdBJx2Td",1,0],[5,38,98],[0,0.5,0],[-55,-25,0,0,0,0,1,1,1,1]],[2,"unbelievable_e2",0,2,[[1,-29,[12],13]],[0,"d8SuJLmDRAe4jjFQNzvCls",1,0],[5,70,81],[0,0.5,0],[-17,-25,0,0,0,0,1,1,1,1]],[2,"unbelievable_v",0,2,[[1,-30,[14],15]],[0,"65/45bvxNLyKinaIK0DLog",1,0],[5,76,80],[0,0.5,0],[40,-25,0,0,0,0,1,1,1,1]],[2,"unbelievable_a",0,2,[[1,-31,[16],17]],[0,"27aC+OJ01PKrDc04jlKfRM",1,0],[5,73,81],[0,0.5,0],[93,-25,0,0,0,0,1,1,1,1]],[2,"unbelievable_b2",0,2,[[1,-32,[18],19]],[0,"d4F8km3wxFj6M+gkQU06yM",1,0],[5,75,98],[0,0.5,0],[150,-25,0,0,0,0,1,1,1,1]],[2,"unbelievable_l2",0,2,[[1,-33,[20],21]],[0,"7726+uUatND7HUAl4XJqv+",1,0],[5,37,98],[0,0.5,0],[190,-25,0,0,0,0,1,1,1,1]],[2,"unbelievable_e3",0,2,[[1,-34,[22],23]],[0,"ad4/tt2AZLZbIjcw4GtlAy",1,0],[5,70,81],[0,0.5,0],[230,-25,0,0,0,0,1,1,1,1]],[2,"unbelievable_1",0,2,[[1,-35,[24],25]],[0,"00OAt6B7RL9YDJJVCLOSqB",1,0],[5,43,98],[0,0.5,0],[275,-25,0,0,0,0,1,1,1,1]],[2,"unbelievable_2",0,2,[[1,-36,[26],27]],[0,"f91+o+RUJJJpKvJG+4sD4K",1,0],[5,43,98],[0,0.5,0],[299,-25,0,0,0,0,1,1,1,1]],[3,"sg1",1,[[1,-37,[28],29]],[0,"d1Hwvd2jBHC69yn1pBJWHx",1,0],[5,109,108],[-253.542,94.399,0,0,0,0,1,0,0,1]],[3,"sg2",1,[[1,-38,[30],31]],[0,"1cUg7lg7RL/o2GyA12+JV0",1,0],[5,109,108],[108.471,75.057,0,0,0,0,1,0,0,1]],[3,"sg3",1,[[1,-39,[32],33]],[0,"8ecQZIVr1I2Yx6zmRCVAlw",1,0],[5,109,108],[-48.681,77.76599999999999,0,0,0,0,1,0,0,1]],[9,"yanwu_ske",false,1,[[13,"Armature","newAnimation",0,1,"010ea0c7-96fc-4fb6-9f6e-8bcb15f01deb#94fdc8fb-5447-4395-8160-c0106df590ae",-40,[34],35,36]],[0,"44e7ek8HVKArfhJUC1O3mF",1,0],[5,308.0802885347317,197.29660967412477],[0,-93.113,0,0,0,0,1,1,1,1]],[10,"300",0,1,[[1,-41,[37],38]],[0,"3cPbED0T5G1KsL3aLC7F/J",1,0],[5,349,139],[0,-102.726,0,0,0,0,1,1,1,1]]],0,[0,2,1,0,0,1,0,-1,2,0,-2,17,0,-3,18,0,-4,19,0,-5,20,0,-6,21,0,-1,3,0,-2,4,0,-3,5,0,-4,6,0,-5,7,0,-6,8,0,-7,9,0,-8,10,0,-9,11,0,-10,12,0,-11,13,0,-12,14,0,-13,15,0,-14,16,0,0,3,0,0,4,0,0,5,0,0,6,0,0,7,0,0,8,0,0,9,0,0,10,0,0,11,0,0,12,0,0,13,0,0,14,0,0,15,0,0,16,0,0,17,0,0,18,0,0,19,0,0,20,0,0,21,0,3,1,41],[0,0,0,0,0,0,0,0,0,0,0,0,0,0,0,0,0,0,0,0,0,0,0,0,0,0,0,0,0,0,0,0,0,0,0,0,0,0,0,0,0],[-1,1,-1,1,-1,1,-1,1,-1,1,-1,1,-1,1,-1,1,-1,1,-1,1,-1,1,-1,1,-1,1,-1,1,-1,1,-1,1,-1,1,-1,4,5,-1,1,6,-1],[0,7,0,8,0,3,0,1,0,4,0,9,0,1,0,10,0,11,0,3,0,4,0,1,0,5,0,5,0,2,0,2,0,2,0,12,13,0,14,6,6]],[[[14,"yanwu_tex","{\"width\":157,\"SubTexture\":[{\"width\":154,\"y\":1,\"height\":194,\"name\":\"ww\",\"x\":1}],\"height\":197,\"name\":\"yanwu\",\"imagePath\":\"yanwu_tex.png\"}"]],0,0,[0],[7],[15]],[[{"name":"300","rect":[1,1,347,137],"offset":[0,0],"originalSize":[349,139],"capInsets":[0,0,0,0]}],[2],0,[0],[8],[16]]]]