[1,["ecpdLyjvZBwrvm+cedCcQy","fd7O8xafhHRYhFsi2jbC4C","45KuUYs/dHwLBdLm+UANLc","3cl6EYLvxL6r76iF3Osu8n","97nCQiQ5RMPL3R+4kFYLol","82dE6vwnNNC7ynRnC20VSC","c4YtdO7sdIvZ6a9/NMtKMJ","98pcgjVARA35l3l57qaVj/"],["node","_spriteFrame","_texture","root","data","_N$dragonAsset","_N$dragonAtlasAsset","_N$file","_defaultClip","_textureSetter"],[["cc.Node",["_name","_components","_prefab","_contentSize","_parent","_trs","_children","_eulerAngles"],2,9,4,5,1,7,2,5],["cc.PrefabInfo",["fileId","root","asset"],2,1,1],"cc.SpriteFrame",["cc.AnimationClip",["_name","_duration","curveData"],1,11],["dragonBones.DragonBonesAtlasAsset",["_name","_atlasJson"],1],["dragonBones.DragonBonesAsset",["_name","_dragonBonesJson"],1],["cc.Prefab",["_name"],2],["cc.Animation",["playOnLoad","node","_clips","_defaultClip"],2,1,3,6],["cc.Sprite",["node","_materials","_spriteFrame"],3,1,3,6],["dragonBones.ArmatureDisplay",["_armatureName","_animationName","_preCacheMode","playTimes","_armatureKey","node","_materials","_N$dragonAsset","_N$dragonAtlasAsset"],-2,1,3,6,6],["cc.Label",["_string","_fontSize","_isSystemFontUsed","_N$horizontalAlign","_N$verticalAlign","node","_materials","_N$file"],-2,1,3,6]],[[1,0,1,2,2],[0,0,4,1,2,3,5,2],[8,0,1,2,1],[3,0,1,2,3],[4,0,1,3],[5,0,1,3],[6,0,2],[0,0,6,1,2,3,2],[0,0,4,1,2,3,5,7,2],[7,0,1,2,3,2],[1,1,2,1],[9,0,1,2,3,4,5,6,7,8,6],[10,0,1,2,3,4,5,6,7,6]],[[[[3,"popcombo",1.25,[{},"paths",11,[{"combo_ske":{"props":{"active":[{"frame":0,"value":false},{"frame":0.25,"value":true}]}}},"combo",11,[{},"props",11,[{},"scale",12,[[[{"frame":0,"curve":[0.18,0.89,0.31,1.21]},"value",8,[1,0,0,1]],[{"frame":0.3333333333333333},"value",8,[1,1,1,1]],[{"frame":0.8333333333333334,"curve":[0.6,-0.27,0.73,0.04]},"value",8,[1,1,1,1]],[{"frame":1.1666666666666667},"value",8,[1,0,0,1]]],11,11,11,11]]],"Label_combo",11,[{},"props",11,[{},"scale",12,[[[{"frame":0.08333333333333333,"curve":[0.18,0.89,0.31,1.21]},"value",8,[1,0,0,1]],[{"frame":0.4166666666666667},"value",8,[1,1,1,1]],[{"frame":0.9166666666666666,"curve":[0.6,-0.27,0.73,0.04]},"value",8,[1,1,1,1]],[{"frame":1.25},"value",8,[1,0,0,1]]],11,11,11,11]]],"combo1",11,[{},"props",11,[{},"scale",12,[[[{"frame":0,"curve":[0.18,0.89,0.31,1.21]},"value",8,[1,0,0,1]],[{"frame":0.3333333333333333},"value",8,[1,1,1,1]],[{"frame":0.8333333333333334,"curve":[0.6,-0.27,0.73,0.04]},"value",8,[1,1,1,1]],[{"frame":1.1666666666666667},"value",8,[1,0,0,1]]],11,11,11,11]]]]]]],0,0,[],[],[]],[[[4,"combo_tex","{\"width\":257,\"SubTexture\":[{\"width\":155,\"y\":239,\"height\":155,\"name\":\"q\",\"x\":1},{\"width\":254,\"y\":1,\"height\":236,\"name\":\"g\",\"x\":1},{\"width\":37,\"y\":396,\"height\":37,\"name\":\"d\",\"x\":1}],\"height\":435,\"name\":\"combo\",\"imagePath\":\"combo_tex.png\"}"]],0,0,[0],[2],[3]],[[[5,"combo_ske","{\"frameRate\":24,\"isGlobal\":0,\"armature\":[{\"type\":\"Armature\",\"name\":\"Armature\",\"skin\":[{\"name\":\"\",\"slot\":[{\"display\":[{\"path\":\"d\",\"type\":\"image\",\"name\":\"d\",\"transform\":{\"y\":0.25,\"x\":0.2}}],\"name\":\"d11\"},{\"display\":[{\"path\":\"d\",\"type\":\"image\",\"name\":\"d\",\"transform\":{\"y\":0.25,\"x\":0.2}}],\"name\":\"d1\"},{\"display\":[{\"path\":\"d\",\"type\":\"image\",\"name\":\"d\",\"transform\":{\"y\":0.25,\"x\":0.2}}],\"name\":\"d\"},{\"display\":[{\"path\":\"q\",\"type\":\"image\",\"name\":\"q\",\"transform\":{\"skX\":38.4252,\"y\":0.5092,\"skY\":38.4252,\"x\":-0.404}}],\"name\":\"q\"},{\"display\":[{\"path\":\"g\",\"type\":\"image\",\"name\":\"g\",\"transform\":{\"skX\":-40.9813,\"y\":0.6832,\"skY\":-40.9813,\"x\":1.6532}}],\"name\":\"g\"},{\"display\":[{\"path\":\"d\",\"type\":\"image\",\"name\":\"d\",\"transform\":{\"y\":0.25,\"x\":0.2}}],\"name\":\"d1111\"},{\"display\":[{\"path\":\"d\",\"type\":\"image\",\"name\":\"d\",\"transform\":{\"y\":0.25,\"x\":0.2}}],\"name\":\"d111\"}]}],\"slot\":[{\"name\":\"q\",\"parent\":\"q\",\"color\":{}},{\"z\":1,\"displayIndex\":-1,\"name\":\"g\",\"parent\":\"g\",\"color\":{}},{\"z\":2,\"name\":\"d\",\"parent\":\"d\",\"color\":{}},{\"z\":3,\"name\":\"d1\",\"parent\":\"d1\",\"color\":{}},{\"z\":4,\"name\":\"d11\",\"parent\":\"d11\",\"color\":{}},{\"z\":5,\"name\":\"d111\",\"parent\":\"d111\",\"color\":{}},{\"z\":6,\"name\":\"d1111\",\"parent\":\"d1111\",\"color\":{}}],\"ik\":[],\"bone\":[{\"name\":\"root\",\"transform\":{}},{\"length\":32,\"transform\":{\"skX\":-38.4252,\"y\":0.8589,\"skY\":-38.4252,\"scX\":0.7978,\"scY\":0.7978,\"x\":0.3757},\"parent\":\"root\",\"name\":\"q\"},{\"length\":2,\"transform\":{\"y\":20.75,\"scX\":0.8821,\"scY\":0.8821,\"x\":-18.9195},\"parent\":\"root\",\"name\":\"d\"},{\"length\":23,\"transform\":{\"skX\":40.9813,\"y\":0.6044,\"skY\":40.9813,\"scX\":0.7097,\"scY\":0.7097,\"x\":0.4866},\"parent\":\"root\",\"name\":\"g\"},{\"length\":2,\"transform\":{\"y\":-30.0167,\"scX\":0.7172,\"scY\":0.7172,\"x\":-22.6956},\"parent\":\"root\",\"name\":\"d1\"},{\"length\":2,\"transform\":{\"y\":-40.0861,\"scX\":0.7329,\"scY\":0.7329,\"x\":-0.0394},\"parent\":\"root\",\"name\":\"d11\"},{\"length\":2,\"transform\":{\"y\":-31.6949,\"scX\":0.4799,\"scY\":0.4799,\"x\":20.0995},\"parent\":\"root\",\"name\":\"d111\"},{\"length\":2,\"transform\":{\"y\":28.7216,\"scX\":0.4799,\"scY\":0.4799,\"x\":28.4907},\"parent\":\"root\",\"name\":\"d1111\"}],\"aabb\":{\"width\":155,\"y\":-76.12259088606854,\"height\":155,\"x\":-77.12429996797853},\"frameRate\":24,\"defaultActions\":[{\"gotoAndPlay\":\"combo\"}],\"animation\":[{\"frame\":[],\"bone\":[{\"frame\":[{\"transform\":{},\"duration\":20}],\"name\":\"root\"},{\"frame\":[{\"tweenEasing\":0,\"transform\":{\"scX\":0.9014,\"scY\":0.9014},\"duration\":6},{\"tweenEasing\":0,\"transform\":{\"scX\":1.0186,\"scY\":1.0186},\"duration\":3},{\"tweenEasing\":0,\"transform\":{\"scX\":1.0186,\"scY\":1.0186},\"duration\":11},{\"transform\":{\"scX\":1.4789,\"scY\":1.4789},\"duration\":0}],\"name\":\"q\"},{\"frame\":[{\"transform\":{},\"duration\":7},{\"tweenEasing\":0,\"transform\":{},\"duration\":12},{\"transform\":{\"y\":41.3739,\"scX\":0.4688,\"scY\":0.4688,\"x\":-43.8077},\"duration\":1}],\"name\":\"d\"},{\"frame\":[{\"transform\":{},\"duration\":6},{\"tweenEasing\":0,\"transform\":{\"scX\":0.7067,\"scY\":0.7067},\"duration\":3},{\"tweenEasing\":0,\"transform\":{\"skX\":163.0277,\"skY\":163.0277,\"scX\":1.0797,\"scY\":1.0797},\"duration\":4},{\"tweenEasing\":0,\"transform\":{\"skX\":257.537,\"skY\":257.537,\"scX\":1.0797,\"scY\":1.0797},\"duration\":4},{\"transform\":{\"scX\":1.0797,\"scY\":1.0797},\"duration\":3}],\"name\":\"g\"},{\"frame\":[{\"transform\":{},\"duration\":7},{\"tweenEasing\":0,\"transform\":{},\"duration\":12},{\"transform\":{\"y\":-36.0821,\"scX\":0.4688,\"scY\":0.4688,\"x\":-28.9496},\"duration\":1}],\"name\":\"d1\"},{\"frame\":[{\"transform\":{},\"duration\":7},{\"tweenEasing\":0,\"transform\":{},\"duration\":12},{\"transform\":{\"y\":-43.377,\"scX\":0.4688,\"scY\":0.4688,\"x\":0.246},\"duration\":1}],\"name\":\"d11\"},{\"frame\":[{\"transform\":{},\"duration\":7},{\"tweenEasing\":0,\"transform\":{},\"duration\":12},{\"transform\":{\"y\":-36.2445,\"scX\":0.4688,\"scY\":0.4688,\"x\":27.0978},\"duration\":1}],\"name\":\"d111\"},{\"frame\":[{\"transform\":{},\"duration\":7},{\"tweenEasing\":0,\"transform\":{},\"duration\":12},{\"transform\":{\"y\":24.5916,\"scX\":0.4688,\"scY\":0.4688,\"x\":33.8108},\"duration\":1}],\"name\":\"d1111\"}],\"duration\":20,\"ik\":[],\"playTimes\":0,\"name\":\"combo\",\"slot\":[{\"frame\":[{\"tweenEasing\":0,\"color\":{\"aM\":0},\"duration\":6},{\"tweenEasing\":0,\"duration\":3},{\"tweenEasing\":0,\"duration\":11},{\"tweenEasing\":null,\"color\":{\"aM\":0},\"duration\":0}],\"name\":\"q\"},{\"frame\":[{\"tweenEasing\":null,\"displayIndex\":-1,\"duration\":6},{\"tweenEasing\":0,\"color\":{\"aM\":17},\"duration\":3},{\"tweenEasing\":0,\"duration\":3},{\"tweenEasing\":0,\"duration\":4},{\"tweenEasing\":null,\"color\":{\"aM\":0},\"duration\":4}],\"name\":\"g\"},{\"frame\":[{\"tweenEasing\":null,\"displayIndex\":-1,\"duration\":7},{\"tweenEasing\":null,\"duration\":6},{\"tweenEasing\":0,\"duration\":6},{\"tweenEasing\":null,\"color\":{\"aM\":0},\"duration\":1}],\"name\":\"d\"},{\"frame\":[{\"tweenEasing\":null,\"displayIndex\":-1,\"duration\":7},{\"tweenEasing\":null,\"duration\":6},{\"tweenEasing\":0,\"duration\":6},{\"tweenEasing\":null,\"color\":{\"aM\":0},\"duration\":1}],\"name\":\"d1\"},{\"frame\":[{\"tweenEasing\":null,\"displayIndex\":-1,\"duration\":7},{\"tweenEasing\":null,\"duration\":6},{\"tweenEasing\":0,\"duration\":6},{\"tweenEasing\":null,\"color\":{\"aM\":0},\"duration\":1}],\"name\":\"d11\"},{\"frame\":[{\"tweenEasing\":null,\"displayIndex\":-1,\"duration\":7},{\"tweenEasing\":null,\"duration\":6},{\"tweenEasing\":0,\"duration\":6},{\"tweenEasing\":null,\"color\":{\"aM\":0},\"duration\":1}],\"name\":\"d111\"},{\"frame\":[{\"tweenEasing\":null,\"displayIndex\":-1,\"duration\":7},{\"tweenEasing\":null,\"duration\":6},{\"tweenEasing\":0,\"duration\":6},{\"tweenEasing\":null,\"color\":{\"aM\":0},\"duration\":1}],\"name\":\"d1111\"}],\"ffd\":[]}]}],\"name\":\"combo\",\"version\":\"5.0\"}"]],0,0,[],[],[]],[[[6,"popCombo"],[7,"popNewScore",[-3,-4,-5,-6],[[9,true,-2,[10],9]],[10,-1,0],[5,300,50]],[1,"combo1",1,[[2,-7,[0],1]],[0,"dbTxcnVZxKrIzZANCnDRqC",1,0],[5,254,53],[0,0,0,0,0,0,1,0,0,1]],[1,"combo",1,[[2,-8,[2],3]],[0,"f1MBDbk7pOcrETSp93jKLF",1,0],[5,254,53],[-47.812,0,0,0,0,0,1,0,0,1]],[1,"combo_ske",1,[[11,"Armature","combo",0,1,"979c2422-4394-4c3c-bdd1-fb890560ba25#82744eaf-c273-4d0b-bca7-4670b6d15482",-9,[4],5,6]],[0,"6dcv/akstPAonhhM6OITfp",1,0],[5,155,155],[156.137,6.307,0,0,0,0,1,1,1,1]],[8,"Label_combo",1,[[12,"2",25,false,1,1,-10,[7],8]],[0,"19kZvmn7xP64cMeo+qEFPM",1,0],[5,67.97,40],[160.071,48.458,0,0,0,-0.026176948307873153,0.9996573249755573,0,0,1],[1,0,0,-3]]],0,[0,3,1,0,0,1,0,-1,2,0,-2,3,0,-3,4,0,-4,5,0,0,2,0,0,3,0,0,4,0,0,5,0,4,1,10],[0,0,0,0,0,0,0,0,0,0,0],[-1,1,-1,1,-1,5,6,-1,7,8,-1],[0,1,0,1,0,4,5,0,6,2,2]],[[{"name":"combo","rect":[0,0,254,53],"offset":[0,0],"originalSize":[254,53],"capInsets":[0,0,0,0]}],[2],0,[0],[9],[7]]]]