[1,["b3bmeDWMBNE5WcE3prN0Tx","baUjzMW85E2agtfHWZuKHc"],["_textureSetter","spriteFrame"],["cc.SpriteFrame",["cc.BitmapFont",["_name","fontSize","_fntConfig"],0]],[[1,0,1,2,4]],[[[{"name":"num_0","rect":[0,0,232,123],"offset":[-12,66.5],"originalSize":[256,256],"capInsets":[0,0,0,0]}],[0],0,[0],[0],[0]],[[[0,"num",32,{"commonHeight":32,"fontSize":32,"atlasName":"num_0.png","fontDefDictionary":{"48":{"xOffset":0,"yOffset":0,"xAdvance":45,"rect":{"x":141,"y":0,"width":45,"height":61}},"49":{"xOffset":0,"yOffset":0,"xAdvance":32,"rect":{"x":180,"y":62,"width":32,"height":61}},"50":{"xOffset":0,"yOffset":0,"xAdvance":45,"rect":{"x":187,"y":0,"width":45,"height":61}},"51":{"xOffset":0,"yOffset":0,"xAdvance":45,"rect":{"x":0,"y":62,"width":45,"height":61}},"52":{"xOffset":0,"yOffset":0,"xAdvance":46,"rect":{"x":0,"y":0,"width":46,"height":61}},"53":{"xOffset":0,"yOffset":0,"xAdvance":44,"rect":{"x":46,"y":62,"width":44,"height":61}},"54":{"xOffset":0,"yOffset":0,"xAdvance":46,"rect":{"x":47,"y":0,"width":46,"height":61}},"55":{"xOffset":0,"yOffset":0,"xAdvance":43,"rect":{"x":136,"y":62,"width":43,"height":61}},"56":{"xOffset":0,"yOffset":0,"xAdvance":44,"rect":{"x":91,"y":62,"width":44,"height":61}},"57":{"xOffset":0,"yOffset":0,"xAdvance":46,"rect":{"x":94,"y":0,"width":46,"height":61}}},"kerningDict":{}}]],0,0,[0],[1],[1]]]]