[1,["d6YlpoxU5Hl4/VDXj27+ne"],["_textureSetter"],["cc.SpriteFrame"],0,[[[{"name":"changeColor_11","rect":[817,371,144,182],"offset":[-20,-23],"originalSize":[300,300],"capInsets":[0,0,0,0]}],[0],0,[0],[0],[0]],[[{"name":"changeColor_14","rect":[645,469,144,170],"offset":[-19,-27],"originalSize":[300,300],"rotated":1,"capInsets":[0,0,0,0]}],[0],0,[0],[0],[0]],[[{"name":"changeColor_22","rect":[1,1505,94,146],"offset":[82,-6],"originalSize":[300,300],"rotated":1,"capInsets":[0,0,0,0]}],[0],0,[0],[0],[0]],[[{"name":"changeColor_03","rect":[639,1,140,198],"offset":[-21,-12],"originalSize":[300,300],"rotated":1,"capInsets":[0,0,0,0]}],[0],0,[0],[0],[0]],[[{"name":"changeColor_15","rect":[645,615,146,164],"offset":[-19,-29],"originalSize":[300,300],"rotated":1,"capInsets":[0,0,0,0]}],[0],0,[0],[0],[0]],[[{"name":"changeColor_16","rect":[643,763,156,158],"offset":[-13,-31],"originalSize":[300,300],"rotated":1,"capInsets":[0,0,0,0]}],[0],0,[0],[0],[0]],[[{"name":"changeColor_04","rect":[503,331,140,192],"offset":[-19,-13],"originalSize":[300,300],"capInsets":[0,0,0,0]}],[0],0,[0],[0],[0]],[[{"name":"changeColor_02","rect":[433,1,142,204],"offset":[-20,-10],"originalSize":[300,300],"rotated":1,"capInsets":[0,0,0,0]}],[0],0,[0],[0],[0]],[[{"name":"changeColor_01","rect":[1,153,154,210],"offset":[-25,-9],"originalSize":[300,300],"capInsets":[0,0,0,0]}],[0],0,[0],[0],[0]],[[{"name":"changeColor_06","rect":[157,153,178,178],"offset":[1,-17],"originalSize":[300,300],"capInsets":[0,0,0,0]}],[0],0,[0],[0],[0]],[[{"name":"changeColor_20","rect":[161,1499,96,146],"offset":[70,-16],"originalSize":[300,300],"rotated":1,"capInsets":[0,0,0,0]}],[0],0,[0],[0],[0]],[[{"name":"changeColor_21","rect":[1,1505,94,146],"offset":[82,-6],"originalSize":[300,300],"rotated":1,"capInsets":[0,0,0,0]}],[0],0,[0],[0],[0]],[[{"name":"changeColor_19","rect":[817,1401,96,146],"offset":[59,-25],"originalSize":[300,300],"capInsets":[0,0,0,0]}],[0],0,[0],[0],[0]],[[{"name":"changeColor_10","rect":[499,709,142,182],"offset":[-20,-21],"originalSize":[300,300],"capInsets":[0,0,0,0]}],[0],0,[0],[0],[0]],[[{"name":"changeColor_07","rect":[169,511,164,180],"offset":[-7,-18],"originalSize":[300,300],"capInsets":[0,0,0,0]}],[0],0,[0],[0],[0]],[[{"name":"changeColor_13","rect":[817,555,144,176],"offset":[-19,-24],"originalSize":[300,300],"capInsets":[0,0,0,0]}],[0],0,[0],[0],[0]],[[{"name":"changeColor_23","rect":[1,1505,94,146],"offset":[82,-6],"originalSize":[300,300],"rotated":1,"capInsets":[0,0,0,0]}],[0],0,[0],[0],[0]],[[{"name":"changeColor_08","rect":[811,733,150,180],"offset":[-14,-19],"originalSize":[300,300],"capInsets":[0,0,0,0]}],[0],0,[0],[0],[0]],[[{"name":"changeColor_09","rect":[503,525,140,182],"offset":[-21,-20],"originalSize":[300,300],"capInsets":[0,0,0,0]}],[0],0,[0],[0],[0]],[[{"name":"changeColor_05","rect":[1,1129,158,186],"offset":[-9,-15],"originalSize":[300,300],"capInsets":[0,0,0,0]}],[0],0,[0],[0],[0]],[[{"name":"changeColor_18","rect":[167,1035,96,146],"offset":[48,-34],"originalSize":[300,300],"rotated":1,"capInsets":[0,0,0,0]}],[0],0,[0],[0],[0]],[[{"name":"changeColor_12","rect":[315,867,146,182],"offset":[-20,-22],"originalSize":[300,300],"rotated":1,"capInsets":[0,0,0,0]}],[0],0,[0],[0],[0]],[[{"name":"changeColor_17","rect":[645,313,170,154],"offset":[-5,-33],"originalSize":[300,300],"capInsets":[0,0,0,0]}],[0],0,[0],[0],[0]]]]