[1,["55okyVbwhM/7ZRQ5cea8DR","21dPkvDuxMvYgNy52jKPix"],["spriteFrame","_textureSetter"],["cc.SpriteFrame",["cc.BitmapFont",["_name","fontSize","_fntConfig"],0]],[[1,0,1,2,4]],[[[[0,"scorenumber1",32,{"commonHeight":32,"fontSize":32,"atlasName":"scorenumber1_0.png","fontDefDictionary":{"43":{"xOffset":0,"yOffset":0,"xAdvance":53,"rect":{"x":117,"y":0,"width":53,"height":76}},"45":{"xOffset":0,"yOffset":0,"xAdvance":53,"rect":{"x":171,"y":0,"width":53,"height":76}},"46":{"xOffset":0,"yOffset":0,"xAdvance":26,"rect":{"x":0,"y":78,"width":26,"height":76}},"48":{"xOffset":0,"yOffset":0,"xAdvance":57,"rect":{"x":59,"y":0,"width":57,"height":76}},"49":{"xOffset":0,"yOffset":0,"xAdvance":33,"rect":{"x":186,"y":77,"width":33,"height":75}},"50":{"xOffset":0,"yOffset":0,"xAdvance":53,"rect":{"x":27,"y":78,"width":53,"height":75}},"51":{"xOffset":0,"yOffset":0,"xAdvance":53,"rect":{"x":225,"y":0,"width":53,"height":76}},"52":{"xOffset":0,"yOffset":0,"xAdvance":58,"rect":{"x":0,"y":0,"width":58,"height":77}},"53":{"xOffset":0,"yOffset":0,"xAdvance":52,"rect":{"x":81,"y":77,"width":52,"height":75}},"54":{"xOffset":0,"yOffset":0,"xAdvance":53,"rect":{"x":279,"y":0,"width":53,"height":76}},"55":{"xOffset":0,"yOffset":0,"xAdvance":51,"rect":{"x":134,"y":77,"width":51,"height":75}},"56":{"xOffset":0,"yOffset":0,"xAdvance":53,"rect":{"x":333,"y":0,"width":53,"height":76}},"57":{"xOffset":0,"yOffset":0,"xAdvance":53,"rect":{"x":387,"y":0,"width":53,"height":76}},"120":{"xOffset":0,"yOffset":0,"xAdvance":53,"rect":{"x":441,"y":0,"width":53,"height":76}}},"kerningDict":{}}]],0,0,[0],[0],[0]],[[{"name":"scorenumber1_0","rect":[1,2,491,149],"offset":[-9.5,51.5],"originalSize":[512,256],"capInsets":[0,0,0,0]}],[0],0,[0],[1],[1]]]]