[1,["7dNrJYxVhGWoZx52hrTOQb"],["_texture"],[["dragonBones.DragonBonesAtlasAsset",["_name","_atlasJson"],1]],[[0,0,1,3]],[[0,"daojishi_tex","{\"width\":490,\"SubTexture\":[{\"width\":255,\"y\":533,\"height\":111,\"name\":\"q2\",\"x\":1},{\"width\":255,\"y\":420,\"height\":111,\"name\":\"q3\",\"x\":199},{\"width\":255,\"y\":307,\"height\":111,\"name\":\"q1\",\"x\":199},{\"width\":164,\"y\":1,\"height\":155,\"name\":\"jj\",\"x\":317},{\"width\":314,\"y\":1,\"height\":304,\"name\":\"qq\",\"x\":1},{\"width\":196,\"y\":307,\"height\":175,\"name\":\"xinxin\",\"x\":1},{\"width\":104,\"y\":158,\"height\":146,\"name\":\"4\",\"x\":317},{\"width\":65,\"y\":158,\"height\":146,\"name\":\"1\",\"x\":423},{\"width\":98,\"y\":533,\"height\":149,\"name\":\"2\",\"x\":258},{\"width\":96,\"y\":533,\"height\":150,\"name\":\"3\",\"x\":358},{\"width\":96,\"y\":646,\"height\":147,\"name\":\"5\",\"x\":1}],\"height\":795,\"name\":\"daojishi\",\"imagePath\":\"daojishi_tex.png\"}"]],0,0,[0],[0],[0]]