[1,["02zlEGK35JOL90JU+S1mzA"],["_textureSetter"],["cc.SpriteFrame"],0,[[[{"name":"mon0stand1","rect":[109,239,115,106],"offset":[0,0],"originalSize":[115,106],"capInsets":[0,0,0,0]}],[0],0,[0],[0],[0]],[[{"name":"mon0stand2","rect":[226,239,115,106],"offset":[0,0],"originalSize":[115,106],"capInsets":[0,0,0,0]}],[0],0,[0],[0],[0]],[[{"name":"mon0stand4","rect":[2,348,115,106],"offset":[0,0],"originalSize":[115,106],"capInsets":[0,0,0,0]}],[0],0,[0],[0],[0]],[[{"name":"mon0stand5","rect":[119,348,115,106],"offset":[0,0],"originalSize":[115,106],"capInsets":[0,0,0,0]}],[0],0,[0],[0],[0]],[[{"name":"mon0stand3","rect":[343,239,115,106],"offset":[0,0],"originalSize":[115,106],"capInsets":[0,0,0,0]}],[0],0,[0],[0],[0]],[[{"name":"mon0stand6","rect":[236,348,115,106],"offset":[0,0],"originalSize":[115,106],"capInsets":[0,0,0,0]}],[0],0,[0],[0],[0]]]]