[1,["96nWUrIwBAk5ZsZlV4aKe/"],["_textureSetter"],["cc.SpriteFrame"],0,[[[{"name":"close","rect":[1,309,62,61],"offset":[0,0],"originalSize":[62,61],"capInsets":[0,0,0,0]}],[0],0,[0],[0],[0]],[[{"name":"lose","rect":[1,1,377,306],"offset":[0,0],"originalSize":[377,306],"capInsets":[0,0,0,0]}],[0],0,[0],[0],[0]],[[{"name":"again","rect":[380,1,487,179],"offset":[0,0],"originalSize":[487,179],"capInsets":[0,0,0,0]}],[0],0,[0],[0],[0]],[[{"name":"changle","rect":[380,182,488,178],"offset":[0,0],"originalSize":[488,178],"capInsets":[0,0,0,0]}],[0],0,[0],[0],[0]]]]