[1,["ecpdLyjvZBwrvm+cedCcQy","e97GVMl6JHh5Ml5qEDdSGa","80PtaSVlFLhZwXltcXVYQz","d47aDlM05DEJfq0jZJzdvy","5aPe2AKkBMYLP6TXjtL0zx","16vKcxNepDYJgWAfpmqMQI","6a9FFLEIpAHZ6m7TFfy1/Z","bdUO4dx9BPGoVPl2fTz9Pt","f0BIwQ8D5Ml7nTNQbh1YlS","29FYIk+N1GYaeWH/q1NxQO","e1zv8jhshHU5cHJk4oiXXH","eeNIPVEvtExY9P7AC7w1n+"],["node","_spriteFrame","_textureSetter","root","m_l_sharetext","m_btn_suitup","m_n_isready","m_sp_blockstyle","m_l_goldlabel","_N$target","data","_parent","_N$file","_normalMaterial","_N$normalSprite","_N$pressedSprite","_N$hoverSprite","_N$disabledSprite"],["cc.SpriteFrame",["cc.Node",["_name","_components","_prefab","_contentSize","_children","_parent","_trs"],2,9,4,5,2,1,7],["cc.Sprite",["_sizeMode","_type","node","_materials","_spriteFrame"],1,1,3,6],["cc.Node",["_name","_components","_prefab","_contentSize","_parent","_trs"],2,12,4,5,1,7],["cc.Node",["_name","_active","_parent","_components","_prefab","_contentSize","_trs","_color","_anchorPoint"],1,1,2,4,5,7,5,5],["cc.PrefabInfo",["fileId","root","asset"],2,1,1],["cc.Button",["zoomScale","_N$enableAutoGrayEffect","_N$transition","node","clickEvents","_N$target","_N$normalColor","_N$pressedColor","_N$disabledColor"],0,1,9,1,5,5,5],["cc.ClickEvent",["handler","component","_componentId","target"],0,1],["cc.Label",["_string","_lineHeight","_N$horizontalAlign","_N$verticalAlign","_N$fontFamily","_fontSize","_isSystemFontUsed","node","_materials"],-4,1,3],["cc.Prefab",["_name"],2],["8d8bfr8qONJh5sm29g/5CCH",["node","m_l_goldlabel","m_sp_blockstyle","m_n_isready","m_btn_suitup","m_l_sharetext"],3,1,1,1,1,1,1],["cc.Mask",["_type","_N$alphaThreshold","node","_materials"],1,1,3]],[[5,0,1,2,2],[1,0,5,4,1,2,3,6,2],[2,0,2,3,4,2],[9,0,2],[1,0,4,1,2,3,2],[1,0,5,1,2,3,6,2],[3,0,1,2,3,2],[3,0,4,1,2,3,5,2],[4,0,1,2,3,4,7,5,6,3],[4,0,2,3,4,5,8,6,2],[10,0,1,2,3,4,5,1],[5,1,2,1],[6,3,4,6,5,1],[6,0,1,2,3,4,7,8,5,4],[7,1,0,3,3],[7,2,0,3,3],[2,1,0,2,3,4,3],[2,0,2,3,2],[11,0,1,2,3,3],[8,0,1,2,3,4,7,6],[8,0,5,1,6,2,3,7,8,7]],[[[{"name":"suituped","rect":[0,0,140,59],"offset":[0,0.5],"originalSize":[140,60],"capInsets":[0,0,0,0]}],[0],0,[0],[2],[2]],[[[3,"skinItem"],[4,"skinItem",[-8,-9,-10,-11,-12],[[10,-7,-6,-5,-4,-3,-2]],[11,-1,0],[5,230,350]],[6,"sp_skin_style",[[-13,[12,-15,[[14,"SkinItem","onSuitUp",1]],[4,4292269782],-14]],1,4],[0,"adcPK7Oz9JQ7Q1nVtYY+cf",1,0],[5,222,178]],[7,"btn_suit",1,[[[16,1,2,-16,[5],6],-17],4,1],[0,"3eB+2k3HNOC7FnicXsquur",1,0],[5,220,94],[0,-129,0,0,0,0,1,0.753,0.753,0]],[1,"n_mask",1,[2],[[18,2,0.6,-18,[1]]],[0,"03s+bejJ9MR49lfZosoZyR",1,0],[5,222,178],[0,74,0,0,0,0,1,1,1,1]],[1,"n_gold",1,[-20],[[2,0,-19,[3],4]],[0,"32txDs7rdFWrYCYNjh90/p",1,0],[5,189,79],[0,-52,0,0,0,0,1,0.8,0.8,1]],[5,"sp_ready",1,[[2,0,-21,[7],8]],[0,"6auEJ2evtJWLIzz3zpCrrw",1,0],[5,220,94],[0,-54,0,0,0,0,1,0.753,0.753,0.753]],[17,0,2,[0]],[8,"l_sharetext",false,1,[-22],[0,"0fb9KuwWBJf4jPI/7NVskG",1,0],[4,4288704546],[5,160,50],[0,-52,0,0,0,0,1,1,1,1]],[19,"分享获得",50,1,1,"微软雅黑",8],[9,"l_goldtext",5,[-23],[0,"caj2mMUyFA9Kv+Pj+VEK4L",1,0],[5,78.28,60],[0,0,0.5],[-20.9,4.7,0,0,0,0,1,1,1,1]],[20,"200",15,60,false,1,1,10,[2]],[13,0.9,true,3,3,[[15,"8d8bfr8qONJh5sm29g/5CCH","onSuitUp",1]],[4,4294967295],[4,4294967295],3]],0,[0,3,1,0,4,9,0,5,12,0,6,6,0,7,7,0,8,11,0,0,1,0,-1,4,0,-2,8,0,-3,5,0,-4,3,0,-5,6,0,-1,7,0,9,2,0,0,2,0,0,3,0,-2,12,0,0,4,0,0,5,0,-1,10,0,0,6,0,-1,9,0,-1,11,0,10,1,2,11,4,23],[0,0,0,0,0,0,0,0,0,7,11,12,12,12,12,12],[-1,-1,-1,-1,1,-1,1,-1,1,1,12,13,14,15,16,17],[0,0,0,0,3,0,4,0,5,6,7,0,8,1,1,9]],[[{"name":"suitup","rect":[0,0,220,94],"offset":[0,0],"originalSize":[220,94],"capInsets":[0,0,0,0]}],[0],0,[0],[2],[10]],[[{"name":"star0","rect":[0,0,107,106],"offset":[0,0],"originalSize":[107,106],"capInsets":[0,0,0,0]}],[0],0,[0],[2],[11]]]]