[1,["ecpdLyjvZBwrvm+cedCcQy","a46pYY6lVLwLggCW7V5GRe","2fVvuwibhJLqdH4Nrg6NuV"],["root","aniNode","node","data","_N$dragonAsset","_N$dragonAtlasAsset"],[["cc.PrefabInfo",["fileId","root","asset"],2,1,1],["dragonBones.DragonBonesAsset",["_name","_dragonBonesJson"],1],["cc.Prefab",["_name"],2],["cc.Node",["_name","_children","_components","_prefab"],2,2,9,4],["cc.Node",["_name","_parent","_components","_prefab","_contentSize"],2,1,2,4,5],["f8831Yjjw9DLoRmy4IDRQGL",["node","aniNode"],3,1,1],["dragonBones.ArmatureDisplay",["_armatureName","_animationName","_preCacheMode","_armatureKey","node","_materials"],-1,1,3]],[[1,0,1,3],[2,0,2],[3,0,1,2,3,2],[4,0,1,2,3,4,2],[5,0,1,1],[0,1,2,1],[0,0,1,2,2],[6,0,1,2,3,4,5,5]],[[[[0,"caihong_ske","{\"frameRate\":24,\"isGlobal\":0,\"armature\":[{\"animation\":[{\"frame\":[],\"bone\":[{\"frame\":[{\"transform\":{},\"duration\":12}],\"name\":\"root\"},{\"frame\":[{\"tweenEasing\":0,\"transform\":{\"y\":-2.8913,\"scX\":0.5682,\"scY\":0.3856,\"x\":-3.8551},\"duration\":5},{\"tweenEasing\":0,\"transform\":{\"y\":-2.8913,\"scX\":8.7175,\"scY\":1.5348,\"x\":-3.8551},\"duration\":4},{\"tweenEasing\":0,\"transform\":{\"y\":-2.8913,\"scX\":8.7175,\"scY\":0.6846,\"x\":-3.8551},\"duration\":3},{\"transform\":{\"y\":-2.8913,\"scX\":7.27,\"scY\":0.2253,\"x\":-3.8551},\"duration\":0}],\"name\":\"rainbow\"}],\"duration\":12,\"ik\":[],\"playTimes\":0,\"name\":\"newAnimation\",\"slot\":[{\"frame\":[{\"tweenEasing\":0,\"color\":{\"aM\":21},\"duration\":5},{\"tweenEasing\":0,\"duration\":4},{\"tweenEasing\":0,\"duration\":3},{\"tweenEasing\":null,\"color\":{\"aM\":0},\"duration\":0}],\"name\":\"rainbow\"}],\"ffd\":[]}],\"defaultActions\":[{\"gotoAndPlay\":\"newAnimation\"}],\"type\":\"Armature\",\"frameRate\":24,\"skin\":[{\"name\":\"\",\"slot\":[{\"display\":[{\"edges\":[0,1,1,3,3,2,2,0],\"width\":128,\"userEdges\":[],\"type\":\"mesh\",\"vertices\":[-71,-46.5,71,-46.5,-71,46.5,71,46.5],\"transform\":{\"y\":0.0273,\"x\":0.0731},\"height\":128,\"path\":\"rainbow\",\"triangles\":[1,0,3,0,2,3],\"uvs\":[-0.05469,0.13672,1.05469,0.13672,-0.05469,0.86328,1.05469,0.86328],\"name\":\"rainbow\"}],\"name\":\"rainbow\"}]}],\"ik\":[],\"bone\":[{\"name\":\"root\",\"transform\":{}},{\"length\":27,\"transform\":{\"y\":-1.0186,\"x\":-1.8702},\"parent\":\"root\",\"name\":\"rainbow\"}],\"aabb\":{\"width\":128,\"y\":-64.99128910811908,\"height\":128,\"x\":-65.79707372561302},\"name\":\"Armature\",\"slot\":[{\"name\":\"rainbow\",\"parent\":\"rainbow\",\"color\":{}}]}],\"name\":\"caihong\",\"version\":\"5.0\"}"]],0,0,[],[],[]],[[[1,"ranbowEffect"],[2,"effectBomb",[-4],[[4,-3,-2]],[5,-1,0]],[3,"caihong_ske",1,[-5],[6,"f8000DwcVBeoJ/0X9V0wTi",1,0],[5,128,128]],[7,"Armature","newAnimation",0,"a4ea9618-ea55-4bc0-b820-096ed5e4645e#2f56fbb0-89b8-492e-a747-e0dae0e8db95",2,[0]]],0,[0,0,1,0,1,3,0,2,1,0,-1,2,0,-1,3,0,3,1,5],[0,3,3],[-1,4,5],[0,1,2]]]]