[1,["1cUeZYNDRA4bH4ym520oKF","8cEOOI2a1JrYbEkeBahJso","1fQTjZTaFMPo0OT6TaST3e"],["_textureSetter"],["cc.SpriteFrame",["cc.AnimationClip",["_name","_duration","curveData"],0]],[[1,0,1,2,4]],[[[[0,"UI_gameBottom",0.5833333333333334,{"props":{"scaleY":[{"frame":0,"value":0,"curve":[0.18,0.89,0.31,1.21]},{"frame":0.5833333333333334,"value":1}]}}]],0,0,[],[],[]],[[{"name":"sp_fk_bg","rect":[0,0,682,223],"offset":[0,0],"originalSize":[682,223],"capInsets":[0,0,0,0]}],[0],0,[0],[0],[0]],[[{"name":"sp_ui_noPut","rect":[0,0,666,207],"offset":[0,0],"originalSize":[666,207],"capInsets":[0,0,0,0]}],[0],0,[0],[0],[1]],[[{"name":"sp_noPut","rect":[0,23,180,19],"offset":[0,-2.5],"originalSize":[180,60],"capInsets":[0,0,0,0]}],[0],0,[0],[0],[2]]]]