[1,["ecpdLyjvZBwrvm+cedCcQy","39s7SpK+hB5olECF9JsYwb","aaDoMHKyVCyplAw2Q20eOY","b30ymgOk9J1Im77xLQrWGz","17Btv740pFMraOp6T4jX6I","aeARYy+AJIzalVFb8mSzfD","1eCI0lvvFA0aCHjLQkPHsZ","eeK00Y9LZCFZbCPUZQXNsz","a7MP60zS1NiZoMZM2tIxXZ","5cyk5NFOFPHIh+1Akn9mnk","b6hL+IEW1Aso88fBYMYTIR","43rIOkAtRNGYsWo0BWRBpx","d3XG/niTZIqL7ty9lkfu/m","8bugDALMBJvb6m3ABpcSiz","1bhGB9SCJIjJr0gtHmI06r","94czwJXIBFcpyZFdRtSi95","05QTLSZmNGsbftLqf+5tCz","523e6AKThJj7mQ1TMz3cxY","57sv5qVHlNi5wzrsuXNYgF","02Ry1bxONA8aTlKyhkhTby","b7YGpJQXFLaa6P8F5upd4K","7cd5tmvwhP275zSujJVGBv","9bM3L71z5ASIhW1ON2FYOh","2b2lDlYVNI5pl4fvfdJYJH","7c1Ogly99MpLO/wF0HhI3l","deWJSwX/9BWqboKccR/xV0","c0i8XacxhCK6JOhFNAbH60","1cksPJD09CDLFv4Gf070vZ","69AD6EmQNE/59yFLaeBOCO","15+xaxgpNBmqDqHC/zKGoH","2aom53w9RKqI+4UR3kS1dj","28KN+igERJwJL0K3CDBHnm","dcogbQxrBH/pyiVw+l/7Lw","978UysU39CeZBee/5jjrxJ","effeZjTwtPQZGgHB/BC1IF","d8mzENem9AgKXB/l+gRgP6","5cMHGS02JD0Ifxq23/Y+3Y","a2MjXRFdtLlYQ5ouAFv/+R","092jLCCF5FJoQ6Ibud/b4Y","577viJMd5CibW+I/0vmfu9","d0cUxh8O1LGoTE43m0EIwH","5fw5Z7NYVCjZsJGEmy8eYq","765L0XpxNDwZ617/OgC2FM","9a0RvQ9yVDv6ao/QjvyeQ4","00nWW0KYJC25TkQblHx7ca"],["value","node","_spriteFrame","_textureSetter","_defaultClip","root","btnRestart","btnReborn","panel","timeAudio","rebornTimeSke","data","_clip","_N$dragonAsset","_N$dragonAtlasAsset"],["cc.SpriteFrame",["cc.Node",["_name","_active","_opacity","_components","_prefab","_parent","_contentSize","_trs","_children","_color","_anchorPoint"],0,9,4,1,5,7,2,5,5],["cc.Label",["_string","_N$horizontalAlign","_N$verticalAlign","_fontSize","_lineHeight","_styleFlags","node","_materials"],-3,1,3],["cc.Sprite",["_sizeMode","_isTrimmedMode","node","_materials","_spriteFrame"],1,1,3,6],["cc.Node",["_name","_parent","_components","_prefab","_contentSize","_trs"],2,1,2,4,5,7],["cc.PrefabInfo",["fileId","root","asset"],2,1,1],["cc.LabelOutline",["_width","node","_color"],2,1,5],["cc.AnimationClip",["_name","_duration","curveData"],1,11],["cc.AnimationClip",["_name","_duration","curveData"],0],["dragonBones.DragonBonesAsset",["_name","_dragonBonesJson"],1],["cc.Prefab",["_name"],2],["42d27Jni4NIVZUqK6goAH0o",["node","rebornTimeSke","timeAudio","panel","btnReborn","btnRestart"],3,1,1,1,1,1,1],["cc.Animation",["playOnLoad","node","_clips","_defaultClip"],2,1,3,6],["cc.Button",["_N$transition","node","clickEvents"],2,1,9],["cc.ClickEvent",["_componentId","handler","target"],1,1],["cc.AudioSource",["node"],3,1],["dragonBones.ArmatureDisplay",["_armatureName","_animationName","_preCacheMode","playTimes","premultipliedAlpha","_armatureKey","node","_materials"],-3,1,3],["cc.ParticleSystem",["_dstBlendFactor","_custom","totalParticles","duration","emissionRate","life","lifeVar","angleVar","startSize","startSizeVar","endSize","endSizeVar","startSpinVar","endSpinVar","_positionType","speed","speedVar","tangentialAccel","node","_materials","_startColor","_startColorVar","_endColor","_endColorVar","posVar","_spriteFrame"],-15,1,3,8,8,8,8,5,6]],[[5,0,1,2,2],[3,2,3,4,1],[1,0,5,3,4,6,7,2],[1,0,5,8,3,4,6,7,2],[1,0,5,3,4,6,2],[12,0,1,2,3,2],[1,0,5,3,4,9,6,7,2],[1,0,5,3,4,6,10,7,2],[1,0,5,3,4,7,2],[3,0,1,2,3,4,3],[2,0,3,4,1,2,6,7,6],[2,0,3,1,2,6,7,5],[6,1,2,1],[17,0,1,2,3,4,5,6,7,8,9,10,11,12,13,14,15,16,17,18,19,20,21,22,23,24,25,19],[7,0,1,2,3],[13,0,1,2,2],[14,0,1,2,3],[6,0,1,2,2],[8,0,1,2,4],[9,0,1,3],[10,0,2],[1,0,8,3,4,2],[1,0,5,8,3,4,7,2],[1,0,1,5,8,3,4,6,7,3],[1,0,2,5,3,4,9,6,3],[1,0,1,5,3,4,6,7,3],[1,0,5,3,4,9,6,2],[4,0,1,2,3,2],[4,0,1,2,3,4,5,2],[11,0,1,2,3,4,5,1],[5,1,2,1],[3,0,2,3,4,2],[2,0,1,2,6,7,4],[2,0,3,5,1,2,6,7,6],[15,0,1],[16,0,1,2,3,4,5,6,7,7]],[[[{"name":"bottom_zise","rect":[0,0,585,117],"offset":[0,0],"originalSize":[585,117],"capInsets":[0,0,0,0]}],[0],0,[0],[3],[24]],[[{"name":"sg3","rect":[4,3,63,72],"offset":[-4.5,1],"originalSize":[80,80],"capInsets":[0,0,0,0]}],[0],0,[0],[3],[25]],[[{"name":"sg6","rect":[53,4,23,46],"offset":[24.5,13],"originalSize":[80,80],"capInsets":[0,0,0,0]}],[0],0,[0],[3],[26]],[[[14,"btn_reborn",7,[{},"props",11,[{},"scale",12,[[[{"frame":0,"curve":[0.18,0.89,0.31,1.21]},"value",8,[1,0,0,0]],[{"frame":0.5},"value",8,[1,1,1,0]],[{"frame":1.3333333333333333},"value",8,[1,1,1,0]],[{"frame":1.5},"value",8,[1,1.2,1.2,0]],[{"frame":1.6666666666666667},"value",8,[1,1,1,0]],[{"frame":1.8333333333333333},"value",8,[1,1.2,1.2,0]],[{"frame":2},"value",8,[1,1,1,0]],[{"frame":2.3333333333333335},"value",8,[1,1,1,0]],[{"frame":2.5},"value",8,[1,1.2,1.2,0]],[{"frame":2.6666666666666665},"value",8,[1,1,1,0]],[{"frame":2.8333333333333335},"value",8,[1,1.2,1.2,0]],[{"frame":3},"value",8,[1,1,1,0]],[{"frame":3.3333333333333335},"value",8,[1,1,1,0]],[{"frame":3.5},"value",8,[1,1.2,1.2,0]],[{"frame":3.6666666666666665},"value",8,[1,1,1,0]],[{"frame":3.8333333333333335},"value",8,[1,1.2,1.2,0]],[{"frame":4},"value",8,[1,1,1,0]],[{"frame":4.333333333333333},"value",8,[1,1,1,0]],[{"frame":4.5},"value",8,[1,1.2,1.2,0]],[{"frame":4.666666666666667},"value",8,[1,1,1,0]],[{"frame":4.833333333333333},"value",8,[1,1.2,1.2,0]],[{"frame":5},"value",8,[1,1,1,0]],[{"frame":5.333333333333333},"value",8,[1,1,1,0]],[{"frame":5.5},"value",8,[1,1.2,1.2,0]],[{"frame":5.666666666666667},"value",8,[1,1,1,0]],[{"frame":5.833333333333333},"value",8,[1,1.2,1.2,0]],[{"frame":6},"value",8,[1,1,1,0]],[{"frame":6.5,"curve":[0.6,-0.27,0.73,0.04]},"value",8,[1,1,1,0]],[{"frame":7},"value",8,[1,0,0,0]]],11,11,11,11,11,11,11,11,11,11,11,11,11,11,11,11,11,11,11,11,11,11,11,11,11,11,11,11,11]]]]],0,0,[],[],[]],[[{"name":"k","rect":[79,79,1,1],"offset":[39.5,-39.5],"originalSize":[80,80],"capInsets":[0,0,0,0]}],[0],0,[0],[3],[27]],[[{"name":"guang1","rect":[0,0,118,118],"offset":[0,0],"originalSize":[118,118],"capInsets":[0,0,0,0]}],[0],0,[0],[3],[28]],[[{"name":"sg9","rect":[67,4,9,35],"offset":[31.5,18.5],"originalSize":[80,80],"capInsets":[0,0,0,0]}],[0],0,[0],[3],[29]],[[[14,"UI_reborn",7,[{},"paths",11,[{"left_guang":{"props":{"opacity":[{"frame":1.6666666666666667,"value":0},{"frame":2,"value":255},{"frame":2.3333333333333335,"value":0},{"frame":2.6666666666666665,"value":0},{"frame":3,"value":255},{"frame":3.3333333333333335,"value":0},{"frame":3.6666666666666665,"value":0},{"frame":4,"value":255},{"frame":4.333333333333333,"value":0},{"frame":4.666666666666667,"value":0},{"frame":5,"value":255},{"frame":5.333333333333333,"value":0}]}},"middle_guang":{"props":{"opacity":[{"frame":1.6666666666666667,"value":0},{"frame":2,"value":255},{"frame":2.3333333333333335,"value":0},{"frame":2.6666666666666665,"value":0},{"frame":3,"value":255},{"frame":3.3333333333333335,"value":0},{"frame":3.6666666666666665,"value":0},{"frame":4,"value":255},{"frame":4.333333333333333,"value":0},{"frame":4.666666666666667,"value":0},{"frame":5,"value":255},{"frame":5.333333333333333,"value":0}]}},"right_guang":{"props":{"opacity":[{"frame":1.6666666666666667,"value":0},{"frame":2,"value":255},{"frame":2.3333333333333335,"value":0},{"frame":2.6666666666666665,"value":0},{"frame":3,"value":255},{"frame":3.3333333333333335,"value":0},{"frame":3.6666666666666665,"value":0},{"frame":4,"value":255},{"frame":4.333333333333333,"value":0},{"frame":4.666666666666667,"value":0},{"frame":5,"value":255},{"frame":5.333333333333333,"value":0}]}},"middle/Particle":{"props":{"opacity":[{"frame":1,"value":0},{"frame":1.0833333333333333,"value":255}]}},"right/Particle":{"props":{"opacity":[{"frame":1,"value":0},{"frame":1.0833333333333333,"value":255}]}},"left/Particle":{"props":{"opacity":[{"frame":1,"value":0},{"frame":1.0833333333333333,"value":255}]}}},"left",11,[{},"props",11,[{},"scale",12,[[[{"frame":0.3333333333333333,"curve":[0.18,0.89,0.31,1.21]},"value",8,[1,0,0,1]],[{"frame":0.8333333333333334},"value",8,[1,0.9,0.9,1]],[{"frame":5.833333333333333,"curve":[0.6,-0.27,0.73,0.04]},"value",8,[1,0.9,0.9,1]],[{"frame":6.333333333333333},"value",8,[1,0,0,1]]],11,11,11,11]],"comps",11,[{},"cc.Sprite",11,[{},"spriteFrame",12,[[[{"frame":0},"value",6,0],[{"frame":2.4166666666666665},"value",6,1],[{"frame":3.4166666666666665},"value",6,2],[{"frame":4.416666666666667},"value",6,3],[{"frame":5.416666666666667},"value",6,4]],11,11,11,11,11]]]],"middle",11,[{},"props",11,[{},"scale",12,[[[{"frame":0.5,"curve":[0.18,0.89,0.31,1.21]},"value",8,[1,0,0,1]],[{"frame":1},"value",8,[1,0.9,0.9,1]],[{"frame":6,"curve":[0.6,-0.27,0.73,0.04]},"value",8,[1,0.9,0.9,1]],[{"frame":6.5},"value",8,[1,0,0,1]]],11,11,11,11]],"comps",11,[{},"cc.Sprite",11,[{},"spriteFrame",12,[[[{"frame":1.4166666666666667},"value",6,5],[{"frame":2.4166666666666665},"value",6,6],[{"frame":3.4166666666666665},"value",6,7],[{"frame":4.416666666666667},"value",6,8],[{"frame":5.416666666666667},"value",6,9]],11,11,11,11,11]]]],"right",11,[{},"props",11,[{},"scale",12,[[[{"frame":0.6666666666666666,"curve":[0.18,0.89,0.31,1.21]},"value",8,[1,0,0,1]],[{"frame":1.1666666666666667},"value",8,[1,0.9,0.9,1]],[{"frame":6.166666666666667,"curve":[0.6,-0.27,0.73,0.04]},"value",8,[1,0.9,0.9,1]],[{"frame":6.666666666666667},"value",8,[1,0,0,1]]],11,11,11,11]],"comps",11,[{},"cc.Sprite",11,[{},"spriteFrame",12,[[[{"frame":1.4166666666666667},"value",6,10],[{"frame":2.4166666666666665},"value",6,11],[{"frame":3.4166666666666665},"value",6,12],[{"frame":4.416666666666667},"value",6,13],[{"frame":5.333333333333333},"value",6,14]],11,11,11,11,11]]]],"Label1",11,[{},"props",11,[{},"scale",12,[[[{"frame":0.8333333333333334,"curve":[0.18,0.89,0.31,1.21]},"value",8,[1,0,0,1]],[{"frame":1.3333333333333333},"value",8,[1,0.9,0.9,1]],[{"frame":5.5,"curve":[0.6,-0.27,0.73,0.04]},"value",8,[1,0.9,0.9,1]],[{"frame":6},"value",8,[1,0,0,1]]],11,11,11,11]]],"Label2",11,[{},"props",11,[{},"scale",12,[[[{"frame":1,"curve":[0.18,0.89,0.31,1.21]},"value",8,[1,0,0,1]],[{"frame":1.5},"value",8,[1,0.9,0.9,1]],[{"frame":5.666666666666667,"curve":[0.6,-0.27,0.73,0.04]},"value",8,[1,0.9,0.9,1]],[{"frame":6.166666666666667},"value",8,[1,0,0,1]]],11,11,11,11]]],"Label3",11,[{},"props",11,[{},"scale",12,[[[{"frame":1.1666666666666667,"curve":[0.18,0.89,0.31,1.21]},"value",8,[1,0,0,1]],[{"frame":1.6666666666666667},"value",8,[1,0.9,0.9,1]],[{"frame":5.833333333333333,"curve":[0.6,-0.27,0.73,0.04]},"value",8,[1,0.9,0.9,1]],[{"frame":6.333333333333333},"value",8,[1,0,0,1]]],11,11,11,11]]],"bottom_zise",11,[{},"props",11,[{"opacity":[{"frame":0,"value":0},{"frame":0.3333333333333333,"value":255},{"frame":6.333333333333333,"value":255},{"frame":7,"value":0}]},"scale",12,[[[{"frame":0,"curve":"linear"},"value",8,[1,1.2,0,1]],[{"frame":0.3333333333333333},"value",8,[1,1.2,1,1]],[{"frame":6.333333333333333},"value",8,[1,1.2,1,1]],[{"frame":7},"value",8,[1,1.2,0,1]]],11,11,11,11]]],"left/guang",11,[{},"props",11,[{"opacity":[{"frame":0.8333333333333334,"value":0},{"frame":1.25,"value":255},{"frame":1.4166666666666667,"value":0}]},"scale",12,[[[{"frame":1},"value",8,[1,1,1,1]],[{"frame":1.25},"value",8,[1,1,5,1]]],11,11]]],"left/k",11,[{},"comps",11,[{},"cc.Sprite",11,[{},"spriteFrame",12,[[[{"frame":1.6666666666666667},"value",6,15],[{"frame":1.7166666666666666},"value",6,16],[{"frame":1.7666666666666666},"value",6,17],[{"frame":1.8166666666666667},"value",6,18],[{"frame":1.8666666666666667},"value",6,19],[{"frame":1.9166666666666667},"value",6,20],[{"frame":1.9666666666666666},"value",6,21],[{"frame":2.0166666666666666},"value",6,22],[{"frame":2.066666666666667},"value",6,23],[{"frame":2.1166666666666667},"value",6,24],[{"frame":2.6666666666666665},"value",6,25],[{"frame":2.716666666666667},"value",6,26],[{"frame":2.7666666666666666},"value",6,27],[{"frame":2.816666666666667},"value",6,28],[{"frame":2.8666666666666667},"value",6,29],[{"frame":2.9166666666666665},"value",6,30],[{"frame":2.966666666666667},"value",6,31],[{"frame":3.0166666666666666},"value",6,32],[{"frame":3.066666666666667},"value",6,33],[{"frame":3.1166666666666667},"value",6,34],[{"frame":3.6666666666666665},"value",6,35],[{"frame":3.716666666666667},"value",6,36],[{"frame":3.7666666666666666},"value",6,37],[{"frame":3.816666666666667},"value",6,38],[{"frame":3.8666666666666667},"value",6,39],[{"frame":3.9166666666666665},"value",6,40],[{"frame":3.966666666666667},"value",6,41],[{"frame":4.016666666666667},"value",6,42],[{"frame":4.066666666666666},"value",6,43],[{"frame":4.116666666666666},"value",6,44],[{"frame":4.666666666666667},"value",6,45],[{"frame":4.716666666666667},"value",6,46],[{"frame":4.766666666666667},"value",6,47],[{"frame":4.816666666666666},"value",6,48],[{"frame":4.866666666666666},"value",6,49],[{"frame":4.916666666666667},"value",6,50],[{"frame":4.966666666666667},"value",6,51],[{"frame":5.016666666666667},"value",6,52],[{"frame":5.066666666666666},"value",6,53],[{"frame":5.116666666666666},"value",6,54]],11,11,11,11,11,11,11,11,11,11,11,11,11,11,11,11,11,11,11,11,11,11,11,11,11,11,11,11,11,11,11,11,11,11,11,11,11,11,11,11]]]],"left/sg1",11,[{},"props",11,[{"opacity":[{"frame":1.75,"value":0},{"frame":2,"value":255},{"frame":2.25,"value":0},{"frame":2.75,"value":0},{"frame":3,"value":255},{"frame":3.25,"value":0},{"frame":3.75,"value":0},{"frame":4,"value":255},{"frame":4.25,"value":0},{"frame":4.75,"value":0},{"frame":5,"value":255},{"frame":5.25,"value":0}]},"scale",12,[[[{"frame":1.75},"value",8,[1,0,0,1]],[{"frame":2},"value",8,[1,0.5,0.5,1]],[{"frame":2.25},"value",8,[1,0,0,1]],[{"frame":2.75},"value",8,[1,0,0,1]],[{"frame":3},"value",8,[1,0.5,0.5,1]],[{"frame":3.25},"value",8,[1,0,0,1]],[{"frame":3.75},"value",8,[1,0,0,1]],[{"frame":4},"value",8,[1,0.5,0.5,1]],[{"frame":4.25},"value",8,[1,0,0,1]],[{"frame":4.75},"value",8,[1,0,0,1]],[{"frame":5},"value",8,[1,0.5,0.5,1]],[{"frame":5.25},"value",8,[1,0,0,1]]],11,11,11,11,11,11,11,11,11,11,11,11]]],"left/sg2",11,[{},"props",11,[{"opacity":[{"frame":1.9166666666666667,"value":0},{"frame":2.1666666666666665,"value":255},{"frame":2.4166666666666665,"value":0},{"frame":2.9166666666666665,"value":0},{"frame":3.1666666666666665,"value":255},{"frame":3.4166666666666665,"value":0},{"frame":3.9166666666666665,"value":0},{"frame":4.166666666666667,"value":255},{"frame":4.416666666666667,"value":0},{"frame":4.916666666666667,"value":0},{"frame":5.166666666666667,"value":255},{"frame":5.416666666666667,"value":0}]},"scale",12,[[[{"frame":1.9166666666666667},"value",8,[1,0,0,1]],[{"frame":2.1666666666666665},"value",8,[1,0.7,0.7,1]],[{"frame":2.4166666666666665},"value",8,[1,0,0,1]],[{"frame":2.9166666666666665},"value",8,[1,0,0,1]],[{"frame":3.1666666666666665},"value",8,[1,0.7,0.7,1]],[{"frame":3.4166666666666665},"value",8,[1,0,0,1]],[{"frame":3.9166666666666665},"value",8,[1,0,0,1]],[{"frame":4.166666666666667},"value",8,[1,0.7,0.7,1]],[{"frame":4.416666666666667},"value",8,[1,0,0,1]],[{"frame":4.916666666666667},"value",8,[1,0,0,1]],[{"frame":5.166666666666667},"value",8,[1,0.7,0.7,1]],[{"frame":5.416666666666667},"value",8,[1,0,0,1]]],11,11,11,11,11,11,11,11,11,11,11,11]]],"middle/guang",11,[{},"props",11,[{"opacity":[{"frame":0.8333333333333334,"value":0},{"frame":1.25,"value":255},{"frame":1.4166666666666667,"value":0}]},"scale",12,[[[{"frame":1},"value",8,[1,1,1,1]],[{"frame":1.25},"value",8,[1,1,5,1]]],11,11]]],"right/guang",11,[{},"props",11,[{"opacity":[{"frame":0.8333333333333334,"value":0},{"frame":1.25,"value":255},{"frame":1.4166666666666667,"value":0}]},"scale",12,[[[{"frame":1},"value",8,[1,1,1,1]],[{"frame":1.25},"value",8,[1,1,5,1]]],11,11]]],"middle/k",11,[{},"comps",11,[{},"cc.Sprite",11,[{},"spriteFrame",12,[[[{"frame":1.6666666666666667},"value",6,55],[{"frame":1.7166666666666666},"value",6,56],[{"frame":1.7666666666666666},"value",6,57],[{"frame":1.8166666666666667},"value",6,58],[{"frame":1.8666666666666667},"value",6,59],[{"frame":1.9166666666666667},"value",6,60],[{"frame":1.9666666666666666},"value",6,61],[{"frame":2.0166666666666666},"value",6,62],[{"frame":2.066666666666667},"value",6,63],[{"frame":2.1166666666666667},"value",6,64],[{"frame":2.6666666666666665},"value",6,65],[{"frame":2.716666666666667},"value",6,66],[{"frame":2.7666666666666666},"value",6,67],[{"frame":2.816666666666667},"value",6,68],[{"frame":2.8666666666666667},"value",6,69],[{"frame":2.9166666666666665},"value",6,70],[{"frame":2.966666666666667},"value",6,71],[{"frame":3.0166666666666666},"value",6,72],[{"frame":3.066666666666667},"value",6,73],[{"frame":3.1166666666666667},"value",6,74],[{"frame":3.6666666666666665},"value",6,75],[{"frame":3.716666666666667},"value",6,76],[{"frame":3.7666666666666666},"value",6,77],[{"frame":3.816666666666667},"value",6,78],[{"frame":3.8666666666666667},"value",6,79],[{"frame":3.9166666666666665},"value",6,80],[{"frame":3.966666666666667},"value",6,81],[{"frame":4.016666666666667},"value",6,82],[{"frame":4.066666666666666},"value",6,83],[{"frame":4.116666666666666},"value",6,84],[{"frame":4.666666666666667},"value",6,85],[{"frame":4.716666666666667},"value",6,86],[{"frame":4.766666666666667},"value",6,87],[{"frame":4.816666666666666},"value",6,88],[{"frame":4.866666666666666},"value",6,89],[{"frame":4.916666666666667},"value",6,90],[{"frame":4.966666666666667},"value",6,91],[{"frame":5.016666666666667},"value",6,92],[{"frame":5.066666666666666},"value",6,93],[{"frame":5.116666666666666},"value",6,94]],11,11,11,11,11,11,11,11,11,11,11,11,11,11,11,11,11,11,11,11,11,11,11,11,11,11,11,11,11,11,11,11,11,11,11,11,11,11,11,11]]]],"right/k",11,[{},"comps",11,[{},"cc.Sprite",11,[{},"spriteFrame",12,[[[{"frame":1.6666666666666667},"value",6,95],[{"frame":1.7166666666666666},"value",6,96],[{"frame":1.7666666666666666},"value",6,97],[{"frame":1.8166666666666667},"value",6,98],[{"frame":1.8666666666666667},"value",6,99],[{"frame":1.9166666666666667},"value",6,100],[{"frame":1.9666666666666666},"value",6,101],[{"frame":2.0166666666666666},"value",6,102],[{"frame":2.066666666666667},"value",6,103],[{"frame":2.1166666666666667},"value",6,104],[{"frame":2.6666666666666665},"value",6,105],[{"frame":2.716666666666667},"value",6,106],[{"frame":2.7666666666666666},"value",6,107],[{"frame":2.816666666666667},"value",6,108],[{"frame":2.8666666666666667},"value",6,109],[{"frame":2.9166666666666665},"value",6,110],[{"frame":2.966666666666667},"value",6,111],[{"frame":3.0166666666666666},"value",6,112],[{"frame":3.066666666666667},"value",6,113],[{"frame":3.1166666666666667},"value",6,114],[{"frame":3.6666666666666665},"value",6,115],[{"frame":3.716666666666667},"value",6,116],[{"frame":3.7666666666666666},"value",6,117],[{"frame":3.816666666666667},"value",6,118],[{"frame":3.8666666666666667},"value",6,119],[{"frame":3.9166666666666665},"value",6,120],[{"frame":3.966666666666667},"value",6,121],[{"frame":4.016666666666667},"value",6,122],[{"frame":4.066666666666666},"value",6,123],[{"frame":4.116666666666666},"value",6,124],[{"frame":4.666666666666667},"value",6,125],[{"frame":4.716666666666667},"value",6,126],[{"frame":4.766666666666667},"value",6,127],[{"frame":4.816666666666666},"value",6,128],[{"frame":4.866666666666666},"value",6,129],[{"frame":4.916666666666667},"value",6,130],[{"frame":4.966666666666667},"value",6,131],[{"frame":5.016666666666667},"value",6,132],[{"frame":5.066666666666666},"value",6,133],[{"frame":5.116666666666666},"value",6,134]],11,11,11,11,11,11,11,11,11,11,11,11,11,11,11,11,11,11,11,11,11,11,11,11,11,11,11,11,11,11,11,11,11,11,11,11,11,11,11,11]]]],"middle/sg1",11,[{},"props",11,[{"opacity":[{"frame":1.75,"value":0},{"frame":2,"value":255},{"frame":2.25,"value":0},{"frame":2.75,"value":0},{"frame":3,"value":255},{"frame":3.25,"value":0},{"frame":3.75,"value":0},{"frame":4,"value":255},{"frame":4.25,"value":0},{"frame":4.75,"value":0},{"frame":5,"value":255},{"frame":5.25,"value":0}]},"scale",12,[[[{"frame":1.75},"value",8,[1,0,0,1]],[{"frame":2},"value",8,[1,0.5,0.5,1]],[{"frame":2.25},"value",8,[1,0,0,1]],[{"frame":2.75},"value",8,[1,0,0,1]],[{"frame":3},"value",8,[1,0.5,0.5,1]],[{"frame":3.25},"value",8,[1,0,0,1]],[{"frame":3.75},"value",8,[1,0,0,1]],[{"frame":4},"value",8,[1,0.5,0.5,1]],[{"frame":4.25},"value",8,[1,0,0,1]],[{"frame":4.75},"value",8,[1,0,0,1]],[{"frame":5},"value",8,[1,0.5,0.5,1]],[{"frame":5.25},"value",8,[1,0,0,1]]],11,11,11,11,11,11,11,11,11,11,11,11]]],"right/sg1",11,[{},"props",11,[{"opacity":[{"frame":1.75,"value":0},{"frame":2,"value":255},{"frame":2.25,"value":0},{"frame":2.75,"value":0},{"frame":3,"value":255},{"frame":3.25,"value":0},{"frame":3.75,"value":0},{"frame":4,"value":255},{"frame":4.25,"value":0},{"frame":4.75,"value":0},{"frame":5,"value":255},{"frame":5.25,"value":0}]},"scale",12,[[[{"frame":1.75},"value",8,[1,0,0,1]],[{"frame":2},"value",8,[1,0.5,0.5,1]],[{"frame":2.25},"value",8,[1,0,0,1]],[{"frame":2.75},"value",8,[1,0,0,1]],[{"frame":3},"value",8,[1,0.5,0.5,1]],[{"frame":3.25},"value",8,[1,0,0,1]],[{"frame":3.75},"value",8,[1,0,0,1]],[{"frame":4},"value",8,[1,0.5,0.5,1]],[{"frame":4.25},"value",8,[1,0,0,1]],[{"frame":4.75},"value",8,[1,0,0,1]],[{"frame":5},"value",8,[1,0.5,0.5,1]],[{"frame":5.25},"value",8,[1,0,0,1]]],11,11,11,11,11,11,11,11,11,11,11,11]]],"middle/sg2",11,[{},"props",11,[{"opacity":[{"frame":1.9166666666666667,"value":0},{"frame":2.1666666666666665,"value":255},{"frame":2.4166666666666665,"value":0},{"frame":2.9166666666666665,"value":0},{"frame":3.1666666666666665,"value":255},{"frame":3.4166666666666665,"value":0},{"frame":3.9166666666666665,"value":0},{"frame":4.166666666666667,"value":255},{"frame":4.416666666666667,"value":0},{"frame":4.916666666666667,"value":0},{"frame":5.166666666666667,"value":255},{"frame":5.416666666666667,"value":0}]},"scale",12,[[[{"frame":1.9166666666666667},"value",8,[1,0,0,1]],[{"frame":2.1666666666666665},"value",8,[1,0.7,0.7,1]],[{"frame":2.4166666666666665},"value",8,[1,0,0,1]],[{"frame":2.9166666666666665},"value",8,[1,0,0,1]],[{"frame":3.1666666666666665},"value",8,[1,0.7,0.7,1]],[{"frame":3.4166666666666665},"value",8,[1,0,0,1]],[{"frame":3.9166666666666665},"value",8,[1,0,0,1]],[{"frame":4.166666666666667},"value",8,[1,0.7,0.7,1]],[{"frame":4.416666666666667},"value",8,[1,0,0,1]],[{"frame":4.916666666666667},"value",8,[1,0,0,1]],[{"frame":5.166666666666667},"value",8,[1,0.7,0.7,1]],[{"frame":5.416666666666667},"value",8,[1,0,0,1]]],11,11,11,11,11,11,11,11,11,11,11,11]]],"right/sg2",11,[{},"props",11,[{"opacity":[{"frame":1.9166666666666667,"value":0},{"frame":2.1666666666666665,"value":255},{"frame":2.4166666666666665,"value":0},{"frame":2.9166666666666665,"value":0},{"frame":3.1666666666666665,"value":255},{"frame":3.4166666666666665,"value":0},{"frame":3.9166666666666665,"value":0},{"frame":4.166666666666667,"value":255},{"frame":4.416666666666667,"value":0},{"frame":4.916666666666667,"value":0},{"frame":5.166666666666667,"value":255},{"frame":5.416666666666667,"value":0}]},"scale",12,[[[{"frame":1.9166666666666667},"value",8,[1,0,0,1]],[{"frame":2.1666666666666665},"value",8,[1,0.7,0.7,1]],[{"frame":2.4166666666666665},"value",8,[1,0,0,1]],[{"frame":2.9166666666666665},"value",8,[1,0,0,1]],[{"frame":3.1666666666666665},"value",8,[1,0.7,0.7,1]],[{"frame":3.4166666666666665},"value",8,[1,0,0,1]],[{"frame":3.9166666666666665},"value",8,[1,0,0,1]],[{"frame":4.166666666666667},"value",8,[1,0.7,0.7,1]],[{"frame":4.416666666666667},"value",8,[1,0,0,1]],[{"frame":4.916666666666667},"value",8,[1,0,0,1]],[{"frame":5.166666666666667},"value",8,[1,0.7,0.7,1]],[{"frame":5.416666666666667},"value",8,[1,0,0,1]]],11,11,11,11,11,11,11,11,11,11,11,11]]]]]]],0,0,[0,0,0,0,0,0,0,0,0,0,0,0,0,0,0,0,0,0,0,0,0,0,0,0,0,0,0,0,0,0,0,0,0,0,0,0,0,0,0,0,0,0,0,0,0,0,0,0,0,0,0,0,0,0,0,0,0,0,0,0,0,0,0,0,0,0,0,0,0,0,0,0,0,0,0,0,0,0,0,0,0,0,0,0,0,0,0,0,0,0,0,0,0,0,0,0,0,0,0,0,0,0,0,0,0,0,0,0,0,0,0,0,0,0,0,0,0,0,0,0,0,0,0,0,0,0,0,0,0,0,0,0,0,0,0],[0,0,0,0,0,0,0,0,0,0,0,0,0,0,0,0,0,0,0,0,0,0,0,0,0,0,0,0,0,0,0,0,0,0,0,0,0,0,0,0,0,0,0,0,0,0,0,0,0,0,0,0,0,0,0,0,0,0,0,0,0,0,0,0,0,0,0,0,0,0,0,0,0,0,0,0,0,0,0,0,0,0,0,0,0,0,0,0,0,0,0,0,0,0,0,0,0,0,0,0,0,0,0,0,0,0,0,0,0,0,0,0,0,0,0,0,0,0,0,0,0,0,0,0,0,0,0,0,0,0,0,0,0,0,0],[19,14,12,15,16,14,12,15,16,20,12,15,16,20,30,1,2,3,4,5,10,6,7,8,9,1,2,3,4,5,10,6,7,8,9,1,2,3,4,5,1,6,7,8,9,1,2,3,4,5,10,6,7,8,9,1,2,3,4,5,10,6,7,8,9,1,2,3,4,5,10,6,7,8,9,1,2,3,4,5,1,6,7,8,9,1,2,3,4,5,10,6,7,8,9,1,2,3,4,5,10,6,7,8,9,1,2,3,4,5,10,6,7,8,9,1,2,3,4,5,1,6,7,8,9,1,2,3,4,5,10,6,7,8,9]],[[[18,"btn_replay",6.75,{"props":{"opacity":[{"frame":0.25,"value":0},{"frame":0.5,"value":255},{"frame":6.5,"value":255},{"frame":6.75,"value":0}]}}]],0,0,[],[],[]],[[[19,"daojishi_ske","{\"frameRate\":24,\"isGlobal\":0,\"armature\":[{\"skin\":[{\"slot\":[{\"display\":[{\"path\":\"q2\",\"type\":\"image\",\"name\":\"q2\",\"transform\":{\"skX\":10.7022,\"y\":-1.3504,\"skY\":10.7022,\"x\":121.0204}}],\"name\":\"q21\"},{\"display\":[{\"path\":\"q2\",\"type\":\"image\",\"name\":\"q2\",\"transform\":{\"skX\":10.7022,\"y\":-1.3504,\"skY\":10.7022,\"x\":121.0204}}],\"name\":\"q2\"},{\"display\":[{\"path\":\"qq\",\"type\":\"image\",\"name\":\"qq\",\"transform\":{\"skX\":1.6876,\"y\":-0.0937,\"skY\":1.6876,\"x\":-0.0615}}],\"name\":\"qq\"},{\"display\":[{\"path\":\"q1\",\"type\":\"image\",\"name\":\"q1\",\"transform\":{\"skX\":10.5819,\"y\":0.0376,\"skY\":10.5819,\"x\":120.8065}}],\"name\":\"q11\"},{\"display\":[{\"path\":\"q1\",\"type\":\"image\",\"name\":\"q1\",\"transform\":{\"skX\":10.5819,\"y\":0.0376,\"skY\":10.5819,\"x\":120.8065}}],\"name\":\"q1\"},{\"display\":[{\"path\":\"q3\",\"type\":\"image\",\"name\":\"q3\",\"transform\":{\"skX\":13.2831,\"y\":5.794,\"skY\":13.2831,\"x\":124.1605}}],\"name\":\"q31\"},{\"display\":[{\"path\":\"q3\",\"type\":\"image\",\"name\":\"q3\",\"transform\":{\"skX\":13.2831,\"y\":5.794,\"skY\":13.2831,\"x\":124.1605}}],\"name\":\"q3\"},{\"display\":[{\"path\":\"xinxin\",\"type\":\"image\",\"name\":\"xinxin\",\"transform\":{\"skX\":8.5158,\"y\":-0.7693,\"skY\":8.5158,\"x\":-1.4806}}],\"name\":\"xinxin\"},{\"display\":[{\"path\":\"1\",\"type\":\"image\",\"name\":\"1\",\"transform\":{\"y\":3.9853,\"x\":-6.3387}},{\"path\":\"3\",\"type\":\"image\",\"name\":\"3\",\"transform\":{\"y\":5.0402,\"x\":2.101}},{\"path\":\"5\",\"type\":\"image\",\"name\":\"5\",\"transform\":{\"y\":6.0952,\"x\":-0.0089}},{\"path\":\"4\",\"type\":\"image\",\"name\":\"4\",\"transform\":{\"y\":1.8754,\"x\":-4.2288}},{\"path\":\"2\",\"type\":\"image\",\"name\":\"2\",\"transform\":{\"y\":0.2929,\"x\":-0.5364}}],\"name\":\"1\"},{\"display\":[{\"path\":\"jj\",\"type\":\"image\",\"name\":\"jj\",\"transform\":{\"skX\":-89.2796,\"y\":1.7391,\"skY\":-89.2796,\"x\":75.3861}}],\"name\":\"jj\"}],\"name\":\"\"}],\"type\":\"Armature\",\"name\":\"Armature\",\"defaultActions\":[{\"gotoAndPlay\":\"newAnimation\"}],\"animation\":[{\"ffd\":[],\"playTimes\":0,\"duration\":153,\"frame\":[],\"bone\":[{\"frame\":[{\"transform\":{},\"duration\":153}],\"name\":\"root\"},{\"frame\":[{\"transform\":{},\"duration\":153}],\"name\":\"q1\"},{\"frame\":[{\"transform\":{},\"duration\":14},{\"tweenEasing\":0,\"transform\":{\"y\":-12.5407},\"duration\":5},{\"tweenEasing\":0,\"transform\":{\"y\":5.2475},\"duration\":119},{\"tweenEasing\":0,\"transform\":{\"y\":5.2475},\"duration\":5},{\"transform\":{\"y\":-16.9717},\"duration\":10}],\"name\":\"jj\"},{\"frame\":[{\"transform\":{},\"duration\":153}],\"name\":\"q11\"},{\"frame\":[{\"transform\":{},\"duration\":25},{\"tweenEasing\":0,\"transform\":{\"scX\":0.8077,\"scY\":0.8077},\"duration\":3},{\"tweenEasing\":0,\"transform\":{\"scX\":0.975,\"scY\":0.975},\"duration\":5},{\"tweenEasing\":0,\"transform\":{\"scX\":0.8981,\"scY\":0.8981},\"duration\":13},{\"tweenEasing\":0,\"transform\":{\"scX\":0.8981,\"scY\":0.8981},\"duration\":1},{\"tweenEasing\":0,\"transform\":{\"scX\":0.8077,\"scY\":0.8077},\"duration\":5},{\"tweenEasing\":0,\"transform\":{\"scX\":0.975,\"scY\":0.975},\"duration\":5},{\"tweenEasing\":0,\"transform\":{\"scX\":0.8981,\"scY\":0.8981},\"duration\":13},{\"tweenEasing\":0,\"transform\":{\"scX\":0.8981,\"scY\":0.8981},\"duration\":1},{\"tweenEasing\":0,\"transform\":{\"scX\":0.8077,\"scY\":0.8077},\"duration\":5},{\"tweenEasing\":0,\"transform\":{\"scX\":0.975,\"scY\":0.975},\"duration\":5},{\"tweenEasing\":0,\"transform\":{\"scX\":0.8981,\"scY\":0.8981},\"duration\":13},{\"tweenEasing\":0,\"transform\":{\"scX\":0.8981,\"scY\":0.8981},\"duration\":1},{\"tweenEasing\":0,\"transform\":{\"scX\":0.8077,\"scY\":0.8077},\"duration\":5},{\"tweenEasing\":0,\"transform\":{\"scX\":0.975,\"scY\":0.975},\"duration\":5},{\"tweenEasing\":0,\"transform\":{\"scX\":0.8981,\"scY\":0.8981},\"duration\":13},{\"tweenEasing\":0,\"transform\":{\"scX\":0.8981,\"scY\":0.8981},\"duration\":1},{\"tweenEasing\":0,\"transform\":{\"scX\":0.8077,\"scY\":0.8077},\"duration\":5},{\"tweenEasing\":0,\"transform\":{\"scX\":0.975,\"scY\":0.975},\"duration\":5},{\"tweenEasing\":0,\"transform\":{\"scX\":0.8981,\"scY\":0.8981},\"duration\":13},{\"transform\":{\"scX\":0.8981,\"scY\":0.8981},\"duration\":11}],\"name\":\"xinxin\"},{\"frame\":[{\"tweenEasing\":0,\"transform\":{\"scX\":0.7149,\"scY\":0.7149},\"duration\":5},{\"tweenEasing\":0,\"transform\":{\"scX\":0.9964,\"scY\":0.9964},\"duration\":143},{\"tweenEasing\":0,\"transform\":{\"scX\":0.9964,\"scY\":0.9964},\"duration\":5},{\"transform\":{\"scX\":0.3264,\"scY\":0.3264},\"duration\":0}],\"name\":\"qq\"},{\"frame\":[{\"transform\":{},\"duration\":25},{\"tweenEasing\":0,\"transform\":{\"scX\":0.7875,\"scY\":0.7875},\"duration\":3},{\"tweenEasing\":0,\"transform\":{\"scX\":1.2208,\"scY\":1.2208},\"duration\":3},{\"tweenEasing\":0,\"transform\":{},\"duration\":15},{\"transform\":{},\"duration\":1},{\"tweenEasing\":0,\"transform\":{\"scX\":0.7875,\"scY\":0.7875},\"duration\":5},{\"tweenEasing\":0,\"transform\":{\"scX\":1.2208,\"scY\":1.2208},\"duration\":3},{\"tweenEasing\":0,\"transform\":{},\"duration\":15},{\"transform\":{},\"duration\":1},{\"tweenEasing\":0,\"transform\":{\"scX\":0.7875,\"scY\":0.7875},\"duration\":5},{\"tweenEasing\":0,\"transform\":{\"scX\":1.2208,\"scY\":1.2208},\"duration\":3},{\"tweenEasing\":0,\"transform\":{},\"duration\":15},{\"transform\":{},\"duration\":1},{\"tweenEasing\":0,\"transform\":{\"scX\":0.7875,\"scY\":0.7875},\"duration\":5},{\"tweenEasing\":0,\"transform\":{\"scX\":1.2208,\"scY\":1.2208},\"duration\":3},{\"tweenEasing\":0,\"transform\":{},\"duration\":15},{\"transform\":{},\"duration\":1},{\"tweenEasing\":0,\"transform\":{\"scX\":0.7875,\"scY\":0.7875},\"duration\":5},{\"tweenEasing\":0,\"transform\":{\"scX\":1.2208,\"scY\":1.2208},\"duration\":3},{\"tweenEasing\":0,\"transform\":{},\"duration\":8},{\"tweenEasing\":0,\"transform\":{},\"duration\":5},{\"transform\":{\"scX\":0.2014,\"scY\":0.2014},\"duration\":13}],\"name\":\"1\"},{\"frame\":[{\"transform\":{},\"duration\":153}],\"name\":\"q31\"},{\"frame\":[{\"transform\":{},\"duration\":153}],\"name\":\"q2\"},{\"frame\":[{\"transform\":{},\"duration\":153}],\"name\":\"q3\"},{\"frame\":[{\"transform\":{},\"duration\":153}],\"name\":\"q21\"}],\"slot\":[{\"frame\":[{\"tweenEasing\":0,\"color\":{\"aM\":0},\"duration\":8},{\"tweenEasing\":0,\"color\":{\"aM\":0},\"duration\":5},{\"tweenEasing\":0,\"duration\":119},{\"tweenEasing\":0,\"duration\":6},{\"tweenEasing\":null,\"color\":{\"aM\":0},\"duration\":15}],\"name\":\"q21\"},{\"frame\":[{\"tweenEasing\":0,\"color\":{\"aM\":0},\"duration\":11},{\"tweenEasing\":0,\"color\":{\"aM\":0},\"duration\":5},{\"tweenEasing\":0,\"duration\":119},{\"tweenEasing\":0,\"duration\":6},{\"tweenEasing\":null,\"color\":{\"aM\":0},\"duration\":12}],\"name\":\"q31\"},{\"frame\":[{\"tweenEasing\":0,\"color\":{\"aM\":0},\"duration\":5},{\"tweenEasing\":0,\"color\":{\"aM\":0},\"duration\":5},{\"tweenEasing\":0,\"duration\":119},{\"tweenEasing\":0,\"duration\":6},{\"tweenEasing\":null,\"color\":{\"aM\":0},\"duration\":18}],\"name\":\"q11\"},{\"frame\":[{\"tweenEasing\":0,\"color\":{\"aM\":0},\"duration\":11},{\"tweenEasing\":0,\"color\":{\"aM\":0},\"duration\":5},{\"tweenEasing\":0,\"duration\":119},{\"tweenEasing\":0,\"duration\":6},{\"tweenEasing\":null,\"color\":{\"aM\":0},\"duration\":12}],\"name\":\"q3\"},{\"frame\":[{\"tweenEasing\":0,\"color\":{\"aM\":0},\"duration\":8},{\"tweenEasing\":0,\"color\":{\"aM\":0},\"duration\":5},{\"tweenEasing\":0,\"duration\":119},{\"tweenEasing\":0,\"duration\":6},{\"tweenEasing\":null,\"color\":{\"aM\":0},\"duration\":15}],\"name\":\"q2\"},{\"frame\":[{\"tweenEasing\":0,\"color\":{\"aM\":0},\"duration\":5},{\"tweenEasing\":0,\"color\":{\"aM\":0},\"duration\":5},{\"tweenEasing\":0,\"duration\":119},{\"tweenEasing\":0,\"duration\":6},{\"tweenEasing\":null,\"color\":{\"aM\":0},\"duration\":18}],\"name\":\"q1\"},{\"frame\":[{\"tweenEasing\":0,\"color\":{\"aM\":0},\"duration\":14},{\"tweenEasing\":0,\"color\":{\"aM\":0},\"duration\":5},{\"tweenEasing\":0,\"duration\":119},{\"tweenEasing\":0,\"duration\":5},{\"tweenEasing\":null,\"color\":{\"aM\":0},\"duration\":10}],\"name\":\"jj\"},{\"frame\":[{\"tweenEasing\":0,\"color\":{\"aM\":0},\"duration\":5},{\"tweenEasing\":0,\"duration\":143},{\"tweenEasing\":0,\"duration\":5},{\"tweenEasing\":null,\"color\":{\"aM\":0},\"duration\":0}],\"name\":\"qq\"},{\"frame\":[{\"tweenEasing\":0,\"color\":{\"aM\":0},\"duration\":25},{\"tweenEasing\":0,\"color\":{\"aM\":0},\"duration\":3},{\"tweenEasing\":0,\"duration\":5},{\"tweenEasing\":0,\"color\":{\"aM\":90},\"duration\":13},{\"tweenEasing\":0,\"color\":{\"aM\":90},\"duration\":1},{\"tweenEasing\":0,\"color\":{\"aM\":0},\"duration\":5},{\"tweenEasing\":0,\"duration\":5},{\"tweenEasing\":0,\"color\":{\"aM\":90},\"duration\":13},{\"tweenEasing\":0,\"color\":{\"aM\":90},\"duration\":1},{\"tweenEasing\":0,\"color\":{\"aM\":0},\"duration\":5},{\"tweenEasing\":0,\"duration\":5},{\"tweenEasing\":0,\"color\":{\"aM\":90},\"duration\":13},{\"tweenEasing\":0,\"color\":{\"aM\":90},\"duration\":1},{\"tweenEasing\":0,\"color\":{\"aM\":0},\"duration\":5},{\"tweenEasing\":0,\"duration\":5},{\"tweenEasing\":0,\"color\":{\"aM\":90},\"duration\":13},{\"tweenEasing\":0,\"color\":{\"aM\":90},\"duration\":1},{\"tweenEasing\":0,\"color\":{\"aM\":0},\"duration\":5},{\"tweenEasing\":0,\"duration\":5},{\"tweenEasing\":0,\"color\":{\"aM\":90},\"duration\":13},{\"tweenEasing\":0,\"color\":{\"aM\":90},\"duration\":6},{\"tweenEasing\":null,\"color\":{\"aM\":0},\"duration\":5}],\"name\":\"xinxin\"},{\"frame\":[{\"tweenEasing\":null,\"displayIndex\":-1,\"duration\":25},{\"displayIndex\":2,\"tweenEasing\":0,\"color\":{\"aM\":0},\"duration\":3},{\"displayIndex\":2,\"tweenEasing\":0,\"duration\":18},{\"displayIndex\":2,\"tweenEasing\":0,\"duration\":1},{\"displayIndex\":3,\"tweenEasing\":0,\"color\":{\"aM\":0},\"duration\":5},{\"displayIndex\":3,\"tweenEasing\":0,\"duration\":18},{\"displayIndex\":3,\"tweenEasing\":0,\"duration\":1},{\"displayIndex\":1,\"tweenEasing\":0,\"color\":{\"aM\":0},\"duration\":5},{\"displayIndex\":1,\"tweenEasing\":0,\"duration\":18},{\"displayIndex\":1,\"tweenEasing\":0,\"duration\":1},{\"displayIndex\":4,\"tweenEasing\":0,\"color\":{\"aM\":0},\"duration\":5},{\"displayIndex\":4,\"tweenEasing\":0,\"duration\":18},{\"displayIndex\":4,\"tweenEasing\":0,\"duration\":1},{\"tweenEasing\":0,\"color\":{\"aM\":0},\"duration\":5},{\"tweenEasing\":0,\"duration\":11},{\"tweenEasing\":0,\"duration\":5},{\"tweenEasing\":null,\"color\":{\"aM\":0},\"duration\":13}],\"name\":\"1\"}],\"name\":\"newAnimation\",\"ik\":[]}],\"bone\":[{\"name\":\"root\",\"transform\":{}},{\"length\":121,\"transform\":{\"skX\":-10.5819,\"y\":-201.0487,\"skY\":-10.5819,\"x\":6.4592},\"parent\":\"root\",\"name\":\"q1\"},{\"length\":75,\"transform\":{\"skX\":89.2796,\"y\":-95.4881,\"skY\":89.2796,\"x\":0.9003},\"parent\":\"root\",\"name\":\"jj\"},{\"length\":121,\"transform\":{\"skX\":10.4272,\"y\":-200.5837,\"skY\":10.4272,\"scX\":-1,\"x\":-0.3326},\"parent\":\"root\",\"name\":\"q11\"},{\"length\":9,\"transform\":{\"skX\":-8.5158,\"y\":-127.5065,\"skY\":-8.5158,\"x\":-0.7118},\"parent\":\"root\",\"name\":\"xinxin\"},{\"length\":28,\"transform\":{\"skX\":-1.6876,\"y\":-137.85,\"skY\":-1.6876,\"x\":-0.85},\"parent\":\"root\",\"name\":\"qq\"},{\"length\":25,\"transform\":{\"y\":-134.3337,\"x\":-4.5058},\"parent\":\"root\",\"name\":\"1\"},{\"length\":88,\"transform\":{\"skX\":-2.7012,\"y\":143.8771,\"skY\":-2.7012,\"x\":-79.0663},\"parent\":\"q11\",\"name\":\"q31\"},{\"length\":104,\"transform\":{\"skX\":-0.1203,\"y\":73.8292,\"skY\":-0.1203,\"x\":-37.4448},\"parent\":\"q1\",\"name\":\"q2\"},{\"length\":88,\"transform\":{\"skX\":-2.7012,\"y\":143.8771,\"skY\":-2.7012,\"x\":-79.0663},\"parent\":\"q1\",\"name\":\"q3\"},{\"length\":104,\"transform\":{\"skX\":-0.1203,\"y\":73.8292,\"skY\":-0.1203,\"x\":-37.4448},\"parent\":\"q11\",\"name\":\"q21\"}],\"aabb\":{\"width\":499.36901254198904,\"y\":-289.9418567935279,\"height\":347.35575420240735,\"x\":-246.65087681738595},\"slot\":[{\"name\":\"q21\",\"parent\":\"q21\",\"color\":{}},{\"z\":1,\"name\":\"q31\",\"parent\":\"q31\",\"color\":{}},{\"z\":2,\"name\":\"q11\",\"parent\":\"q11\",\"color\":{}},{\"z\":3,\"name\":\"q3\",\"parent\":\"q3\",\"color\":{}},{\"z\":4,\"name\":\"q2\",\"parent\":\"q2\",\"color\":{}},{\"z\":5,\"name\":\"q1\",\"parent\":\"q1\",\"color\":{}},{\"z\":6,\"name\":\"jj\",\"parent\":\"jj\",\"color\":{}},{\"z\":7,\"name\":\"qq\",\"parent\":\"qq\",\"color\":{}},{\"z\":8,\"name\":\"xinxin\",\"parent\":\"xinxin\",\"color\":{}},{\"z\":9,\"displayIndex\":-1,\"name\":\"1\",\"parent\":\"1\",\"color\":{}}],\"frameRate\":24,\"ik\":[]}],\"name\":\"daojishi\",\"version\":\"5.0\"}"]],0,0,[],[],[]],[[{"name":"sg8","rect":[67,4,9,35],"offset":[31.5,18.5],"originalSize":[80,80],"capInsets":[0,0,0,0]}],[0],0,[0],[3],[31]],[[{"name":"sg1","rect":[5,12,50,63],"offset":[-10,-3.5],"originalSize":[80,80],"capInsets":[0,0,0,0]}],[0],0,[0],[3],[32]],[[{"name":"sg4","rect":[16,4,60,71],"offset":[6,0.5],"originalSize":[80,80],"capInsets":[0,0,0,0]}],[0],0,[0],[3],[33]],[[{"name":"sg2","rect":[6,8,41,68],"offset":[-13.5,-2],"originalSize":[80,80],"capInsets":[0,0,0,0]}],[0],0,[0],[3],[34]],[[{"name":"sg5","rect":[41,4,35,63],"offset":[18.5,4.5],"originalSize":[80,80],"capInsets":[0,0,0,0]}],[0],0,[0],[3],[35]],[[{"name":"sg7","rect":[60,4,16,41],"offset":[28,15.5],"originalSize":[80,80],"capInsets":[0,0,0,0]}],[0],0,[0],[3],[36]],[[[20,"layerReborn"],[21,"endReborn",[-8,-9,-10,-11,-12,-13,-14,-15],[[29,-7,-6,-5,-4,-3,-2]],[30,-1,0]],[22,"panel",1,[-17,-18,-19,-20,-21,-22,-23,-24,-25,-26],[[5,true,-16,[51],50]],[0,"f3CtfPiRlIA6LBnFUhtuTZ",1,0],[0,-70,0,0,0,0,1,1,1,1]],[3,"left",2,[-28,-29,-30,-31,-32],[[1,-27,[21],22]],[0,"2aqXiQpH1H3Yf2BOqEXILV",1,0],[5,80,80],[-160,0,0,0,0,0,1,0.9,0.9,1]],[3,"middle",2,[-34,-35,-36,-37,-38],[[1,-33,[33],34]],[0,"8bSGVCo25Nj6RcuFouqhPq",1,0],[5,80,80],[0,0,0,0,0,0,1,0.9,0.9,0.45]],[3,"right",2,[-40,-41,-42,-43,-44],[[1,-39,[45],46]],[0,"7fHTpGwaBC85ALnFQoyDFc",1,0],[5,80,80],[160,0,0,0,0,0,1,0.9,0.9,1]],[3,"btn_reborn",1,[-48,-49],[[1,-45,[59],60],[15,3,-46,[[16,"42d27Jni4NIVZUqK6goAH0o","onClickRevive",1]]],[5,true,-47,[62],61]],[0,"cc8kGy+vJIXL8pJs40FoHo",1,0],[5,329,91],[0,-287.465,0,0,0,0,1,1,1,0]],[3,"btn_replay",1,[-53],[[1,-50,[64],65],[5,true,-51,[67],66],[15,3,-52,[[16,"42d27Jni4NIVZUqK6goAH0o","onClickRestart",1]]]],[0,"39h2Up9qxIpKgpBLZnntRR",1,0],[5,329,91],[0,-390,0,0,0,0,1,1,1,0]],[6,"Label1",2,[[10,"x1",25,30,1,1,-54,[47]],[12,-55,[4,4294679039]]],[0,"e0XebC1N5AxKiedZHCYrJz",1,0],[4,4294952444],[5,28.4,39.8],[-107,-20,0,0,0,0,1,1,1,1]],[6,"Label2",2,[[10,"x1",25,30,1,1,-56,[48]],[12,-57,[4,4294679039]]],[0,"c10e99tIFD8JNc+xiE0SZA",1,0],[4,4294952444],[5,28.4,39.8],[52,-20,0,0,0,0,1,1,1,1]],[6,"Label3",2,[[10,"x1",25,30,1,1,-58,[49]],[12,-59,[4,4294679039]]],[0,"db/KVSc9RPVaF/EuyW4Rcw",1,0],[4,4294952444],[5,28.4,39.8],[213,-20,0,0,0,0,1,1,1,1]],[6,"Label4",1,[[11,"Revive and replace with 3 new cubes",38,1,1,-60,[52]],[5,true,-61,[54],53]],[0,"0aKr2Ti7pOB5b7Np+IRJU8",1,0],[4,4291071677],[5,627.35,50.4],[0,-160,0,0,0,0,1,1,1,1]],[3,"icon_video",6,[-63],[[1,-62,[56],57]],[0,"08PnurAk5M/4OILG/uSfoF",1,0],[5,56,43],[-100,-5,0,0,0,0,1,1,1,1]],[4,"New Label",6,[[11,"Revive",36,1,1,-64,[58]],[17,3,-65,[4,4279016448]]],[0,"d1OArQcP5MFbGP6FXEDAai",1,0],[5,116.04,56.4]],[4,"New Label",7,[[11,"Restart",36,1,1,-66,[63]],[17,3,-67,[4,4278214826]]],[0,"46MfX5jIdCH7loSVgkL5l9",1,0],[5,122.03,56.4]],[23,"btn_repla2",false,1,[-69],[[5,true,-68,[70],69]],[0,"52zEO2d4xAO6+7/yXYuk1n",1,0],[5,150,50],[0,-390,0,0,0,0,1,1,1,1]],[24,"mask",150,1,[[31,0,-70,[0],1]],[0,"76c6E61BREJIVM2lc6oId/",1,0],[4,4278190080],[5,720,1680]],[27,"time321",1,[-71],[0,"2eAnmQ8TFBOK1h9HWbUvor",1,0]],[34,17],[28,"daojishi_ske",1,[-72],[0,"56hqDqqNZHH7//IESuVV+q",1,0],[5,499.36901254198904,347.35575420240735],[0,150,0,0,0,0,1,1,1,1]],[35,"Armature","newAnimation",0,1,true,"9ad11bd0-f725-43bf-a6a8-fd08efc9e438#009d65b4-2982-42db-94e4-41b947c7b71a",19,[2]],[2,"bottom_zise",2,[[1,-73,[3],4]],[0,"a1P9yNwXlPsKcoZe5Bcvwo",1,0],[5,585,117],[0,0,0,0,0,0,1,1.2,1,1]],[2,"left_guang",2,[[1,-74,[5],6]],[0,"e2mdsHAPlEBpT1+dvNTCe2",1,0],[5,118,118],[-160,0,0,0,0,0,1,0.9,0.9,0.9]],[2,"middle_guang",2,[[1,-75,[7],8]],[0,"c27tamywVOLLJ85i+hDDG0",1,0],[5,118,118],[0,0,0,0,0,0,1,0.9,0.9,0.9]],[2,"right_guang",2,[[1,-76,[9],10]],[0,"c8/TEzy0NMCI8qJuTUnS6S",1,0],[5,118,118],[160,0,0,0,0,0,1,0.9,0.9,0.9]],[7,"guang",3,[[1,-77,[11],12]],[0,"d1J1fWfNpAiaVSDtHKpdUG",1,0],[5,100,33],[0,0.5,0],[0,-40,0,0,0,0,1,1,1,1]],[8,"Particle",3,[[13,1,true,200,1,25,0.20000000298023224,0.5,0,20,15,15,10,360,360,1,300,0,0,-78,[13],[4,4294967295],[4,0],[4,4294967295],[4,4278190080],[0,30,0],14]],[0,"f4td4U5mpEtZOFUOrqWCVd",1,0],[0,-20,0,0,0,0,1,1,1,1]],[4,"k",3,[[9,2,false,-79,[15],16]],[0,"274z9fDetABreic9gzG12K",1,0],[5,80,80]],[2,"sg1",3,[[1,-80,[17],18]],[0,"7dSvQwMyZB8bEHomWTBuND",1,0],[5,109,108],[-8.769,-28.331,0,0,0,0,1,1,1,1]],[2,"sg2",3,[[1,-81,[19],20]],[0,"16dz2b9K9H07sJskW5+I8z",1,0],[5,109,108],[17.538,25.633,0,0,0,0,1,1,1,1]],[7,"guang",4,[[1,-82,[23],24]],[0,"644gSzHwBBqbQc4umk+Fpt",1,0],[5,100,33],[0,0.5,0],[0,-40,0,0,0,0,1,1.11111,1.11111,1.11111]],[8,"Particle",4,[[13,1,true,200,1,25,0.20000000298023224,0.5,0,20,15,15,10,360,360,1,300,0,0,-83,[25],[4,4294967295],[4,0],[4,4294967295],[4,4278190080],[0,30,0],26]],[0,"e8y5AOhG5Firj5IUnfiZCw",1,0],[0,-20,0,0,0,0,1,1,1,1]],[4,"k",4,[[9,2,false,-84,[27],28]],[0,"3eUKN6LHVCx4G2txg+XSCU",1,0],[5,80,80]],[2,"sg1",4,[[1,-85,[29],30]],[0,"0c05gePphGNq5p2NXMzuXT",1,0],[5,109,108],[-8.769,-28.331,0,0,0,0,1,1,1,1]],[2,"sg2",4,[[1,-86,[31],32]],[0,"b3vJns7TVIuavfe5Kysz56",1,0],[5,109,108],[17.538,25.633,0,0,0,0,1,1,1,1]],[7,"guang",5,[[1,-87,[35],36]],[0,"e9PouZOI1IjK0oDGQ9NlBm",1,0],[5,100,33],[0,0.5,0],[0,-40,0,0,0,0,1,1.23457,1.23457,1.23457]],[8,"Particle",5,[[13,1,true,200,1,25,0.20000000298023224,0.5,0,20,15,15,10,360,360,1,300,0,0,-88,[37],[4,4294967295],[4,0],[4,4294967295],[4,4278190080],[0,30,0],38]],[0,"9bYh2/1YxJ5b+BebVsWJd+",1,0],[0,-20,0,0,0,0,1,1,1,1]],[4,"k",5,[[9,2,false,-89,[39],40]],[0,"6cNwCrkqVKJrQUtA4keOuY",1,0],[5,80,80]],[2,"sg1",5,[[1,-90,[41],42]],[0,"f3piYf+45KU7DgXQ5dWePd",1,0],[5,109,108],[-8.769,-28.331,0,0,0,0,1,1,1,1]],[2,"sg2",5,[[1,-91,[43],44]],[0,"38NBfFlVhDo7VGiiaTz6gH",1,0],[5,109,108],[17.538,25.633,0,0,0,0,1,1,1,1]],[25,"iconAD",false,12,[[32,"AD",1,1,-92,[55]]],[0,"849grcUkZFS7Mz/Cl8Hxyu",1,0],[5,55.57,50.4],[0,2,0,0,0,0,1,1,1,1]],[26,"New Label",15,[[33,"重新开始",36,4,1,1,-93,[68]]],[0,"33EVJNwPlBaIr6hAKuemOu",1,0],[4,4291019715],[5,144,50.4]]],0,[0,5,1,0,6,7,0,7,6,0,8,2,0,9,18,0,10,20,0,1,1,0,-1,16,0,-2,17,0,-3,19,0,-4,2,0,-5,11,0,-6,6,0,-7,7,0,-8,15,0,1,2,0,-1,21,0,-2,22,0,-3,23,0,-4,24,0,-5,3,0,-6,4,0,-7,5,0,-8,8,0,-9,9,0,-10,10,0,1,3,0,-1,25,0,-2,26,0,-3,27,0,-4,28,0,-5,29,0,1,4,0,-1,30,0,-2,31,0,-3,32,0,-4,33,0,-5,34,0,1,5,0,-1,35,0,-2,36,0,-3,37,0,-4,38,0,-5,39,0,1,6,0,1,6,0,1,6,0,-1,12,0,-2,13,0,1,7,0,1,7,0,1,7,0,-1,14,0,1,8,0,1,8,0,1,9,0,1,9,0,1,10,0,1,10,0,1,11,0,1,11,0,1,12,0,-1,40,0,1,13,0,1,13,0,1,14,0,1,14,0,1,15,0,-1,41,0,1,16,0,-1,18,0,-1,20,0,1,21,0,1,22,0,1,23,0,1,24,0,1,25,0,1,26,0,1,27,0,1,28,0,1,29,0,1,30,0,1,31,0,1,32,0,1,33,0,1,34,0,1,35,0,1,36,0,1,37,0,1,38,0,1,39,0,1,40,0,1,41,0,11,1,93],[0,0,0,0,0,0,0,0,0,0,0,0,0,0,0,0,0,0,0,0,0,0,0,0,0,0,0,0,0,0,0,0,0,0,0,0,0,0,0,0,0,0,0,0,0,0,0,0,0,0,0,0,0,0,0,0,0,0,0,0,0,0,0,0,0,0,0,0,0,0,0,18,20,20],[-1,2,-1,-1,2,-1,2,-1,2,-1,2,-1,2,-1,2,-1,2,-1,2,-1,2,-1,2,-1,2,-1,2,-1,2,-1,2,-1,2,-1,2,-1,2,-1,2,-1,2,-1,2,-1,2,-1,2,-1,-1,-1,4,-1,-1,4,-1,-1,-1,2,-1,-1,2,4,-1,-1,-1,2,4,-1,-1,4,-1,12,13,14],[0,37,0,0,38,0,17,0,17,0,17,0,18,0,11,0,1,0,11,0,11,0,19,0,18,0,11,0,1,0,11,0,11,0,14,0,18,0,11,0,1,0,11,0,11,0,12,0,0,0,21,21,0,22,22,0,0,39,0,0,40,23,23,0,0,41,13,13,0,13,13,42,43,44]]]]