[1,["adwCYkE5hLhK5DnhWMOAZ6","08Hccw10tJFquNW81Ep89o"],["spriteFrame","_textureSetter"],["cc.SpriteFrame",["cc.BitmapFont",["_name","fontSize","_fntConfig"],0]],[[1,0,1,2,4]],[[[[0,"numb",32,{"commonHeight":32,"fontSize":32,"atlasName":"numb_0.png","fontDefDictionary":{"48":{"xOffset":0,"yOffset":0,"xAdvance":45,"rect":{"x":191,"y":0,"width":45,"height":64}},"49":{"xOffset":0,"yOffset":0,"xAdvance":31,"rect":{"x":180,"y":65,"width":31,"height":64}},"50":{"xOffset":0,"yOffset":0,"xAdvance":45,"rect":{"x":0,"y":65,"width":45,"height":64}},"51":{"xOffset":0,"yOffset":0,"xAdvance":44,"rect":{"x":92,"y":65,"width":44,"height":64}},"52":{"xOffset":0,"yOffset":0,"xAdvance":48,"rect":{"x":0,"y":0,"width":48,"height":64}},"53":{"xOffset":0,"yOffset":0,"xAdvance":45,"rect":{"x":46,"y":65,"width":45,"height":64}},"54":{"xOffset":0,"yOffset":0,"xAdvance":47,"rect":{"x":49,"y":0,"width":47,"height":64}},"55":{"xOffset":0,"yOffset":0,"xAdvance":42,"rect":{"x":137,"y":65,"width":42,"height":64}},"56":{"xOffset":0,"yOffset":0,"xAdvance":46,"rect":{"x":97,"y":0,"width":46,"height":64}},"57":{"xOffset":0,"yOffset":0,"xAdvance":46,"rect":{"x":144,"y":0,"width":46,"height":64}}},"kerningDict":{}}]],0,0,[0],[0],[0]],[[{"name":"numb_0","rect":[0,0,236,129],"offset":[-10,63.5],"originalSize":[256,256],"capInsets":[0,0,0,0]}],[0],0,[0],[1],[1]]]]