[1,["ecpdLyjvZBwrvm+cedCcQy","beIqfP7DtGzJO3I3EU6RCu","7a0vEs78VJ+JG0GUsCpMoF","5a+mA+fD5FgY5NXB/LMZx1","92lOS6i6dOF4Us0lqlNnsl","751Oq6Jy9M2I9XVds/ypR+"],["node","_textureSetter","_texture","camera","scene","_parent","_spriteFrame","_N$dragonAsset","_N$dragonAtlasAsset"],[["cc.Node",["_name","_id","_components","_contentSize","_children","_trs","_parent"],1,9,5,2,7,1],"cc.SpriteFrame",["dragonBones.DragonBonesAtlasAsset",["_name","_atlasJson"],1],["cc.SceneAsset",["_name","asyncLoadAssets"],1],["cc.Node",["_name","_parent","_components","_contentSize"],2,1,2,5],["cc.Canvas",["_fitWidth","_fitHeight","node","_designResolution"],1,1,5],["cc.Widget",["_alignFlags","node"],2,1],["3b9d306MUxALZoKHJkreFDT",["subPackCount","node"],2,1],["8fdf65n/IVKp6dWPqfwMcfS",["node","camera"],3,1,1],["cc.Scene",["_name","_active","_children","_anchorPoint","_trs"],1,2,5,7],["cc.Camera",["_clearFlags","_depth","node","_backgroundColor"],1,1,5],["cc.Sprite",["node","_materials","_spriteFrame"],3,1,3,6],["dragonBones.ArmatureDisplay",["_armatureName","_animationName","_preCacheMode","premultipliedAlpha","_armatureKey","node","_materials","_N$dragonAsset","_N$dragonAtlasAsset"],-2,1,3,6,6],["dragonBones.DragonBonesAsset",["_name","_dragonBonesJson"],1]],[[0,0,6,2,3,2],[2,0,1,3],[3,0,1,3],[0,0,1,4,2,3,5,3],[4,0,1,2,3,2],[5,0,1,2,3,3],[6,0,1,2],[7,0,1,2],[8,0,1,1],[9,0,1,2,3,4,3],[10,0,1,2,3,3],[11,0,1,2,1],[12,0,1,2,3,4,5,6,7,8,6],[13,0,1,3]],[[[{"name":"sp_game_bg","rect":[0,0,720,1680],"offset":[0,0],"originalSize":[720,1680],"capInsets":[0,0,0,0]}],[1],0,[0],[1],[1]],[[[1,"jiazai_tex","{\"imagePath\":\"jiazai_tex.png\",\"width\":53,\"SubTexture\":[{\"width\":50,\"y\":1,\"height\":50,\"name\":\"1\",\"x\":1}],\"height\":53,\"name\":\"jiazai\"}"]],0,0,[0],[2],[2]],[[[2,"StartScene",null],[3,"Canvas","a5esZu+45LA5mBpvttspPD",[-6,-7,-8],[[5,true,false,-1,[5,720,1280]],[6,45,-2],[7,3,-3],[8,-5,-4]],[5,720,1280],[360,640,0,0,0,0,1,1,1,1]],[9,"New Node",false,[1],[0,0,0],[0,0,0,0,0,0,1,1,1,1]],[4,"Main Camera",1,[-9],[5,960,640]],[10,7,-1,3,[4,4281867050]],[0,"background",1,[[11,-10,[0],1]],[5,720,1680]],[0,"jiazai_ske",1,[[12,"Armature","newAnimation",0,true,"9294e4ba-8ba7-4e17-852c-d25aa5367b25#75d4eaba-272f-4cd8-8f57-55db3fca947e",-11,[2],3,4]],[5,214.8871703528331,104.18058115523064]]],0,[0,0,1,0,0,1,0,0,1,0,3,4,0,0,1,0,-1,3,0,-2,5,0,-3,6,0,-1,4,0,0,5,0,0,6,0,4,2,1,5,2,11],[0,0,0,0,0],[-1,6,-1,7,8],[0,3,0,4,5]],[[[13,"jiazai_ske","{\"frameRate\":24,\"armature\":[{\"type\":\"Armature\",\"name\":\"Armature\",\"animation\":[{\"ffd\":[],\"playTimes\":0,\"duration\":59,\"ik\":[],\"frame\":[],\"bone\":[{\"frame\":[{\"transform\":{},\"duration\":59}],\"name\":\"root\"},{\"frame\":[{\"tweenEasing\":0,\"transform\":{},\"duration\":5},{\"transform\":{\"y\":54.2768,\"x\":0.05},\"duration\":54}],\"name\":\"111\"},{\"frame\":[{\"tweenEasing\":0,\"transform\":{},\"duration\":5},{\"tweenEasing\":0,\"transform\":{\"y\":54.1837},\"duration\":5},{\"tweenEasing\":0,\"transform\":{\"y\":54.1837,\"x\":54.95},\"duration\":5},{\"tweenEasing\":0,\"transform\":{\"y\":0.15,\"x\":54.95},\"duration\":35},{\"tweenEasing\":0,\"transform\":{\"y\":0.15,\"x\":54.95},\"duration\":5},{\"tweenEasing\":0,\"transform\":{\"y\":-53.696,\"x\":54.95},\"duration\":4},{\"transform\":{\"y\":-53.696,\"x\":10.99},\"duration\":0}],\"name\":\"1\"},{\"frame\":[{\"transform\":{},\"duration\":10},{\"tweenEasing\":0,\"transform\":{},\"duration\":5},{\"tweenEasing\":0,\"transform\":{\"y\":-53.2969},\"duration\":5},{\"tweenEasing\":0,\"transform\":{\"y\":-53.2969,\"x\":54.85},\"duration\":5},{\"tweenEasing\":0,\"transform\":{\"x\":54.85},\"duration\":15},{\"tweenEasing\":0,\"transform\":{\"x\":54.85},\"duration\":5},{\"tweenEasing\":0,\"transform\":{\"y\":53.846,\"x\":54.85},\"duration\":5},{\"tweenEasing\":0,\"transform\":{\"y\":53.846},\"duration\":5},{\"transform\":{},\"duration\":4}],\"name\":\"11\"},{\"frame\":[{\"transform\":{},\"duration\":20},{\"tweenEasing\":0,\"transform\":{},\"duration\":5},{\"tweenEasing\":0,\"transform\":{\"y\":53.5185},\"duration\":5},{\"tweenEasing\":0,\"transform\":{\"y\":53.5185,\"x\":55.05},\"duration\":5},{\"transform\":{\"x\":55.05},\"duration\":24}],\"name\":\"1111\"},{\"frame\":[{\"transform\":{},\"duration\":30},{\"tweenEasing\":0,\"transform\":{},\"duration\":5},{\"tweenEasing\":0,\"transform\":{\"y\":-53.6253},\"duration\":5},{\"tweenEasing\":0,\"transform\":{\"y\":-53.6253,\"x\":-55.05},\"duration\":5},{\"transform\":{\"x\":-55.05},\"duration\":14}],\"name\":\"1112\"}],\"slot\":[{\"frame\":[{\"tweenEasing\":0,\"color\":{\"gM\":93,\"bM\":35},\"duration\":5},{\"tweenEasing\":0,\"color\":{\"gM\":93,\"bM\":35},\"duration\":5},{\"tweenEasing\":0,\"color\":{\"gM\":76,\"bM\":19},\"duration\":40},{\"tweenEasing\":0,\"color\":{\"gM\":76,\"bM\":19},\"duration\":5},{\"tweenEasing\":0,\"color\":{\"gM\":76,\"bM\":19},\"duration\":4},{\"tweenEasing\":null,\"color\":{\"gM\":89,\"bM\":32},\"duration\":0}],\"name\":\"1\"},{\"frame\":[{\"tweenEasing\":0,\"color\":{\"gM\":76,\"bM\":19},\"duration\":15},{\"tweenEasing\":0,\"color\":{\"gM\":76,\"bM\":19},\"duration\":5},{\"tweenEasing\":0,\"color\":{\"gM\":54,\"bM\":20},\"duration\":25},{\"tweenEasing\":0,\"color\":{\"gM\":54,\"bM\":20},\"duration\":5},{\"tweenEasing\":null,\"color\":{\"gM\":76,\"bM\":19},\"duration\":9}],\"name\":\"11\"},{\"frame\":[{\"tweenEasing\":0,\"color\":{\"gM\":54,\"bM\":20},\"duration\":25},{\"tweenEasing\":0,\"color\":{\"gM\":54,\"bM\":20},\"duration\":5},{\"tweenEasing\":null,\"color\":{\"gM\":34,\"bM\":19},\"duration\":29}],\"name\":\"1111\"},{\"frame\":[{\"tweenEasing\":0,\"color\":{\"gM\":34,\"bM\":19},\"duration\":35},{\"tweenEasing\":0,\"color\":{\"gM\":34,\"bM\":19},\"duration\":5},{\"tweenEasing\":null,\"color\":{\"gM\":54,\"bM\":20},\"duration\":19}],\"name\":\"1112\"}],\"name\":\"newAnimation\"}],\"ik\":[],\"bone\":[{\"name\":\"root\",\"transform\":{}},{\"transform\":{\"y\":-54.3268,\"x\":-82.5},\"name\":\"111\",\"parent\":\"root\"},{\"transform\":{\"y\":-0.05,\"x\":-82.45},\"name\":\"1\",\"parent\":\"root\"},{\"transform\":{\"y\":-0.1,\"x\":-27.5},\"name\":\"11\",\"parent\":\"root\"},{\"transform\":{\"y\":-0.1,\"x\":27.35},\"name\":\"1111\",\"parent\":\"root\"},{\"transform\":{\"y\":-0.1,\"x\":82.4},\"name\":\"1112\",\"parent\":\"root\"}],\"aabb\":{\"width\":214.8871703528331,\"y\":-79.18058115523064,\"height\":104.18058115523064,\"x\":-107.45},\"slot\":[{\"name\":\"1\",\"parent\":\"1\",\"color\":{\"gM\":93,\"bM\":35}},{\"z\":1,\"name\":\"11\",\"parent\":\"11\",\"color\":{\"gM\":76,\"bM\":19}},{\"z\":2,\"name\":\"111\",\"parent\":\"111\",\"color\":{\"gM\":93,\"bM\":35}},{\"z\":3,\"name\":\"1111\",\"parent\":\"1111\",\"color\":{\"gM\":54,\"bM\":20}},{\"z\":4,\"name\":\"1112\",\"parent\":\"1112\",\"color\":{\"gM\":34,\"bM\":19}}],\"frameRate\":24,\"defaultActions\":[{\"gotoAndPlay\":\"newAnimation\"}],\"skin\":[{\"slot\":[{\"display\":[{\"path\":\"1\",\"type\":\"image\",\"name\":\"1\",\"transform\":{\"y\":0.1,\"x\":0.0443}}],\"name\":\"1111\"},{\"display\":[{\"path\":\"1\",\"type\":\"image\",\"name\":\"1\",\"transform\":{\"y\":0.1462,\"x\":0.05}}],\"name\":\"111\"},{\"display\":[{\"path\":\"1\",\"type\":\"image\",\"name\":\"1\",\"transform\":{\"y\":0.1,\"x\":0.0519}}],\"name\":\"11\"},{\"display\":[{\"path\":\"1\",\"type\":\"image\",\"name\":\"1\",\"transform\":{\"y\":0.1,\"x\":0.0372}}],\"name\":\"1112\"},{\"display\":[{\"path\":\"1\",\"type\":\"image\",\"name\":\"1\",\"transform\":{\"y\":0.05,\"x\":0.0019}}],\"name\":\"1\"}],\"name\":\"\"}]}],\"isGlobal\":0,\"name\":\"jiazai\",\"version\":\"5.0\"}"]],0,0,[],[],[]]]]