[1,["02zlEGK35JOL90JU+S1mzA"],["_textureSetter"],["cc.SpriteFrame"],0,[[[{"name":"mon0move3","rect":[350,2,105,107],"offset":[0,0],"originalSize":[105,107],"capInsets":[0,0,0,0]}],[0],0,[0],[0],[0]],[[{"name":"mon0move7","rect":[323,130,105,107],"offset":[0,0],"originalSize":[105,107],"capInsets":[0,0,0,0]}],[0],0,[0],[0],[0]],[[{"name":"mon0move4","rect":[2,130,105,107],"offset":[0,0],"originalSize":[105,107],"capInsets":[0,0,0,0]}],[0],0,[0],[0],[0]],[[{"name":"mon0move2","rect":[243,2,105,107],"offset":[0,0],"originalSize":[105,107],"capInsets":[0,0,0,0]}],[0],0,[0],[0],[0]],[[{"name":"mon0move6","rect":[216,130,105,107],"offset":[0,0],"originalSize":[105,107],"capInsets":[0,0,0,0]}],[0],0,[0],[0],[0]],[[{"name":"mon0move1","rect":[136,2,105,107],"offset":[0,0],"originalSize":[105,107],"capInsets":[0,0,0,0]}],[0],0,[0],[0],[0]],[[{"name":"mon0move8","rect":[2,239,105,107],"offset":[0,0],"originalSize":[105,107],"capInsets":[0,0,0,0]}],[0],0,[0],[0],[0]],[[{"name":"mon0move5","rect":[109,130,105,107],"offset":[0,0],"originalSize":[105,107],"capInsets":[0,0,0,0]}],[0],0,[0],[0],[0]]]]