[1,["88MZtaxH1GJ7PpBCfaLW+Q"],["_textureSetter"],["cc.SpriteFrame"],0,[[[{"name":"mon2stand6","rect":[324,238,108,107],"offset":[0,0],"originalSize":[108,107],"capInsets":[0,0,0,0]}],[0],0,[0],[0],[0]],[[{"name":"mon2stand3","rect":[0,238,108,107],"offset":[0,0],"originalSize":[108,107],"capInsets":[0,0,0,0]}],[0],0,[0],[0],[0]],[[{"name":"mon2stand1","rect":[240,119,108,107],"offset":[0,0],"originalSize":[108,107],"capInsets":[0,0,0,0]}],[0],0,[0],[0],[0]],[[{"name":"mon2stand4","rect":[108,238,108,107],"offset":[0,0],"originalSize":[108,107],"capInsets":[0,0,0,0]}],[0],0,[0],[0],[0]],[[{"name":"mon2stand5","rect":[216,238,108,107],"offset":[0,0],"originalSize":[108,107],"capInsets":[0,0,0,0]}],[0],0,[0],[0],[0]],[[{"name":"mon2stand2","rect":[348,119,108,107],"offset":[0,0],"originalSize":[108,107],"capInsets":[0,0,0,0]}],[0],0,[0],[0],[0]]]]