[1,["88dXBgrd9KrJvo08un1w2V","62qMLFqOBEOIdS8vHwgdvL","44c65K0yVFyZLcQ8xfB8Pg","5cCHhRqfZFW7h2n5k5ifC8","dalFBpLjtC5phDXnW1b9hE","a3BGlskN9GboCrhu+LaFol","51oXk53RtPqoPwZZiQx//7"],["value"],[["cc.AnimationClip",["_name","_duration","events","curveData"],0,11]],[[0,0,1,2,3,4]],[[0,"monster3move",1.6833333333333333,[{"frame":1.6666666666666667,"func":"beHitFinish","params":[]}],[{"props":{}},"comps",11,[{},"cc.Sprite",11,[{},"spriteFrame",12,[[[{"frame":0},"value",6,0],[{"frame":0.16666666666666666},"value",6,1],[{"frame":0.3333333333333333},"value",6,2],[{"frame":0.5},"value",6,3],[{"frame":0.6666666666666666},"value",6,4],[{"frame":0.8333333333333334},"value",6,5],[{"frame":1},"value",6,6],[{"frame":1.1666666666666667},"value",6,7],[{"frame":1.3333333333333333},"value",6,8],[{"frame":1.5},"value",6,9],[{"frame":1.6666666666666667},"value",6,10]],11,11,11,11,11,11,11,11,11,11,11]]]]]],0,0,[0,0,0,0,0,0,0,0,0,0,0],[0,0,0,0,0,0,0,0,0,0,0],[0,1,2,3,4,5,6,0,1,2,3]]