[1,["ecpdLyjvZBwrvm+cedCcQy","1dTc5d52ZIJaa5jJu7hOGq","14JSKjwfpD5rQDoPg7b/kG"],["root","aniNode","node","data","_N$dragonAsset","_N$dragonAtlasAsset"],[["cc.PrefabInfo",["fileId","root","asset"],2,1,1],["dragonBones.DragonBonesAsset",["_name","_dragonBonesJson"],1],["cc.Prefab",["_name"],2],["cc.Node",["_name","_children","_components","_prefab"],2,2,9,4],["cc.Node",["_name","_parent","_components","_prefab","_contentSize"],2,1,2,4,5],["f8831Yjjw9DLoRmy4IDRQGL",["node","aniNode"],3,1,1],["dragonBones.ArmatureDisplay",["_armatureName","_animationName","_preCacheMode","_armatureKey","node","_materials"],-1,1,3]],[[1,0,1,3],[2,0,2],[3,0,1,2,3,2],[4,0,1,2,3,4,2],[5,0,1,1],[0,1,2,1],[0,0,1,2,2],[6,0,1,2,3,4,5,5]],[[[[0,"baozha_ske","{\"frameRate\":24,\"isGlobal\":0,\"armature\":[{\"animation\":[{\"frame\":[],\"bone\":[{\"frame\":[{\"transform\":{},\"duration\":11}],\"name\":\"root\"},{\"frame\":[{\"transform\":{},\"duration\":11}],\"name\":\"b9\"}],\"duration\":11,\"ik\":[],\"playTimes\":0,\"name\":\"newAnimation\",\"slot\":[{\"frame\":[{\"tweenEasing\":null,\"displayIndex\":1,\"duration\":1},{\"tweenEasing\":null,\"displayIndex\":9,\"duration\":1},{\"tweenEasing\":null,\"displayIndex\":3,\"duration\":1},{\"tweenEasing\":null,\"displayIndex\":8,\"duration\":1},{\"tweenEasing\":null,\"displayIndex\":4,\"duration\":1},{\"tweenEasing\":null,\"displayIndex\":7,\"duration\":1},{\"tweenEasing\":null,\"displayIndex\":5,\"duration\":1},{\"tweenEasing\":null,\"displayIndex\":6,\"duration\":1},{\"tweenEasing\":null,\"duration\":1},{\"tweenEasing\":null,\"displayIndex\":10,\"duration\":1},{\"tweenEasing\":null,\"displayIndex\":2,\"duration\":1},{\"tweenEasing\":null,\"displayIndex\":-1,\"duration\":0}],\"name\":\"b9\"}],\"ffd\":[]}],\"defaultActions\":[{\"gotoAndPlay\":\"newAnimation\"}],\"type\":\"Armature\",\"frameRate\":24,\"skin\":[{\"name\":\"\",\"slot\":[{\"display\":[{\"path\":\"b9\",\"type\":\"image\",\"name\":\"b9\",\"transform\":{\"skX\":-6.1484,\"y\":0.9812,\"skY\":-6.1484,\"x\":0.7241}},{\"path\":\"b1\",\"type\":\"image\",\"name\":\"b1\",\"transform\":{\"skX\":-6.1484,\"y\":0.9812,\"skY\":-6.1484,\"x\":0.7241}},{\"path\":\"b11\",\"type\":\"image\",\"name\":\"b11\",\"transform\":{\"skX\":-6.1484,\"y\":0.9812,\"skY\":-6.1484,\"x\":0.7241}},{\"path\":\"b3\",\"type\":\"image\",\"name\":\"b3\",\"transform\":{\"skX\":-6.1484,\"y\":0.9812,\"skY\":-6.1484,\"x\":0.7241}},{\"path\":\"b5\",\"type\":\"image\",\"name\":\"b5\",\"transform\":{\"skX\":-6.1484,\"y\":0.9812,\"skY\":-6.1484,\"x\":0.7241}},{\"path\":\"b7\",\"type\":\"image\",\"name\":\"b7\",\"transform\":{\"skX\":-6.1484,\"y\":0.9812,\"skY\":-6.1484,\"x\":0.7241}},{\"path\":\"b8\",\"type\":\"image\",\"name\":\"b8\",\"transform\":{\"skX\":-6.1484,\"y\":0.9812,\"skY\":-6.1484,\"x\":0.7241}},{\"path\":\"b6\",\"type\":\"image\",\"name\":\"b6\",\"transform\":{\"skX\":-6.1484,\"y\":0.9812,\"skY\":-6.1484,\"x\":0.7241}},{\"path\":\"b4\",\"type\":\"image\",\"name\":\"b4\",\"transform\":{\"skX\":-6.1484,\"y\":0.9812,\"skY\":-6.1484,\"x\":0.7241}},{\"path\":\"b2\",\"type\":\"image\",\"name\":\"b2\",\"transform\":{\"skX\":-6.1484,\"y\":0.9812,\"skY\":-6.1484,\"x\":0.7241}},{\"path\":\"b10\",\"type\":\"image\",\"name\":\"b10\",\"transform\":{\"skX\":-6.1484,\"y\":0.9812,\"skY\":-6.1484,\"x\":0.7241}}],\"name\":\"b9\"}]}],\"ik\":[],\"bone\":[{\"name\":\"root\",\"transform\":{}},{\"length\":24,\"transform\":{\"skX\":6.1484,\"y\":-11.035,\"skY\":6.1484,\"x\":-1.7301},\"parent\":\"root\",\"name\":\"b9\"}],\"aabb\":{\"width\":340,\"y\":-177.48191471049967,\"height\":335,\"x\":-171.11525657713997},\"name\":\"Armature\",\"slot\":[{\"displayIndex\":-1,\"name\":\"9\",\"parent\":\"root\",\"color\":{}},{\"z\":1,\"displayIndex\":-1,\"name\":\"5\",\"parent\":\"root\",\"color\":{}},{\"z\":2,\"displayIndex\":-1,\"name\":\"41\",\"parent\":\"root\",\"color\":{}},{\"z\":3,\"displayIndex\":-1,\"name\":\"37\",\"parent\":\"root\",\"color\":{}},{\"z\":4,\"displayIndex\":-1,\"name\":\"33\",\"parent\":\"root\",\"color\":{}},{\"z\":5,\"displayIndex\":-1,\"name\":\"29\",\"parent\":\"root\",\"color\":{}},{\"z\":6,\"displayIndex\":-1,\"name\":\"25\",\"parent\":\"root\",\"color\":{}},{\"z\":7,\"displayIndex\":-1,\"name\":\"21\",\"parent\":\"root\",\"color\":{}},{\"z\":8,\"displayIndex\":-1,\"name\":\"17\",\"parent\":\"root\",\"color\":{}},{\"z\":9,\"displayIndex\":-1,\"name\":\"13\",\"parent\":\"root\",\"color\":{}},{\"z\":10,\"displayIndex\":-1,\"name\":\"1\",\"parent\":\"root\",\"color\":{}},{\"z\":11,\"displayIndex\":10,\"name\":\"b9\",\"parent\":\"b9\",\"color\":{}}]}],\"name\":\"baozha\",\"version\":\"5.0\"}"]],0,0,[],[],[]],[[[1,"bombEffect"],[2,"effectBomb",[-4],[[4,-3,-2]],[5,-1,0]],[3,"baozha_ske",1,[-5],[6,"cfRtQ+569DNqdhMsdn2DrY",1,0],[5,340,335]],[7,"Armature","newAnimation",0,"1d4dce5d-e766-4825-a6b9-8c9bbb84e1aa#142522a3-c1fa-43e6-b403-a0f83b6ff906",2,[0]]],0,[0,0,1,0,1,3,0,2,1,0,-1,2,0,-1,3,0,3,1,5],[0,3,3],[-1,4,5],[0,1,2]]]]