[1,["21bRe09j5K05UaIqlrhLWy","27ycZ6bjpHaKBijgIdFBWp","7aOM0XzEFKhI/Wf97aIYtv","34WP/RTL9IEKY9wLlIQt4R","3cZcJj7DpPj7XNiV1QiAC7","f7MTFha3dBU7GTLGvnn9NK"],["value"],[["cc.AnimationClip",["_name","_duration","wrapMode","curveData"],0,11]],[[0,0,1,2,3,4]],[[0,"monster0stand",1.0166666666666666,2,[{"props":{}},"comps",11,[{},"cc.Sprite",11,[{},"spriteFrame",12,[[[{"frame":0},"value",6,0],[{"frame":0.16666666666666666},"value",6,1],[{"frame":0.3333333333333333},"value",6,2],[{"frame":0.5},"value",6,3],[{"frame":0.6666666666666666},"value",6,4],[{"frame":0.8333333333333334},"value",6,5],[{"frame":1},"value",6,6]],11,11,11,11,11,11,11]]]]]],0,0,[0,0,0,0,0,0,0],[0,0,0,0,0,0,0],[0,1,2,3,4,5,0]]