[1,["2dLxw2yVpEvrDsF/9idylu","6dG8CPjw5HJaQmz7+zNIbV","22tj5kV0JGVog0d3utK1w/","e4edvkYAxIHqhGTcJNemsn","70SjTescpHYZo93+7U/Ucd","47QQx2uK9D7qX7dye+8CIj","2a3oy45r5LvpkCg1ljxwGl"],["value"],[["cc.AnimationClip",["_name","_duration","curveData"],1,11]],[[0,0,1,2,3]],[[0,"behit_effect",0.52,[{"props":{"opacity":[{"frame":0,"value":255},{"frame":0.5,"value":255},{"frame":0.5166666666666667,"value":0}]}},"comps",11,[{},"cc.Sprite",11,[{},"spriteFrame",12,[[[{"frame":0},"value",6,0],[{"frame":0.08333333333333333},"value",6,1],[{"frame":0.16666666666666666},"value",6,2],[{"frame":0.25},"value",6,3],[{"frame":0.3333333333333333},"value",6,4],[{"frame":0.4166666666666667},"value",6,5],[{"frame":0.5},"value",6,6]],11,11,11,11,11,11,11]]]]]],0,0,[0,0,0,0,0,0,0],[0,0,0,0,0,0,0],[0,1,2,3,4,5,6]]