[1,["a158aY44tESoOjawDPjcLy","ebAVFuNPxFsJWzDz64Vzdi","36AXNNBnhNR47QQWN6eGD3","53XKRywThGspQKboM5NaNQ","16DGRj0WVKh7OyJDNvt5DV","6bbt5VLHhPSKJDmQCuG6mM"],["value"],[["cc.AnimationClip",["_name","_duration","wrapMode","curveData"],0,11]],[[0,0,1,2,3,4]],[[0,"monster1stand",1.0166666666666666,2,[{"props":{}},"comps",11,[{},"cc.Sprite",11,[{},"spriteFrame",12,[[[{"frame":0},"value",6,0],[{"frame":0.16666666666666666},"value",6,1],[{"frame":0.3333333333333333},"value",6,2],[{"frame":0.5},"value",6,3],[{"frame":0.6666666666666666},"value",6,4],[{"frame":0.8333333333333334},"value",6,5],[{"frame":1},"value",6,6]],11,11,11,11,11,11,11]]]]]],0,0,[0,0,0,0,0,0,0],[0,0,0,0,0,0,0],[0,1,2,3,4,5,0]]