[1,["dbRMcMcadCz5vr7qhGb0Ke","82T0J1jEVEdb9h2rMJQbqn","fdMPGlRN5FXJRuseGhpen4","418q/3ZCpMYoaFUmJw8xgZ","80iSSSAvhOF5R5jUJOzyOb","919hzFZKBBR5oMXr9b8BPE","b0g0Ekg6BD9a3SrpA8lA2z"],["value"],[["cc.AnimationClip",["_name","_duration","wrapMode","curveData"],0,11]],[[0,0,1,2,3,4]],[[0,"monster3stand",1.0166666666666666,2,[{"props":{}},"comps",11,[{},"cc.Sprite",11,[{},"spriteFrame",12,[[[{"frame":0},"value",6,0],[{"frame":0.16666666666666666},"value",6,1],[{"frame":0.3333333333333333},"value",6,2],[{"frame":0.5},"value",6,3],[{"frame":0.6666666666666666},"value",6,4],[{"frame":0.8333333333333334},"value",6,5],[{"frame":1},"value",6,6]],11,11,11,11,11,11,11]]]]]],0,0,[0,0,0,0,0,0,0],[0,0,0,0,0,0,0],[0,1,2,3,4,5,6]]