[1,["ecpdLyjvZBwrvm+cedCcQy","62Bzr1iZ9CZqMFzunn7lJR","c5McmGUjBPwbrj8ako7+jf"],["node","root","data","_spriteFrame","_textureSetter"],["cc.SpriteFrame",["cc.Prefab",["_name"],2],["cc.Node",["_name","_opacity","_components","_prefab","_color","_contentSize"],1,9,4,5,5],["cc.Sprite",["node","_materials","_spriteFrame"],3,1,3,6],["7dadeB3aOxJCYqAL2d6GCEi",["node"],3,1],["cc.PrefabInfo",["root"],3,1]],[[1,0,2],[2,0,1,2,3,4,5,3],[3,0,1,2,1],[4,0,1],[5,0,1]],[[[[0,"xingXing"],[1,"xingXing",200,[[2,-2,[0],1],[3,-3]],[4,-1],[4,4294950724],[5,57,56]]],0,[0,1,1,0,0,1,0,0,1,0,2,1,3],[0,0],[-1,3],[0,1]],[[{"name":"particle","rect":[4,5,57,56],"offset":[0.5,-1],"originalSize":[64,64],"capInsets":[0,0,0,0]}],[0],0,[0],[4],[2]]]]