[1,["ecpdLyjvZBwrvm+cedCcQy","577viJMd5CibW+I/0vmfu9","90MRr35f9DkpzslAVYewUJ","01NVf6K3BIQZy0qQEgyI9e","71q5nHAPtB1r0pE9xOY69X","a06CyLGfpBTpkopblCBf7w","4fy9xA6cBLH7vabKs2FDHI","8aR+VlnopMQJvvp/Wb0XRh","034ShuRNJFoaizleWLczr1","a5h3OklAFPpblo86/DpoiW","2e6Yl1HK9NSbhsGVUMaFCk","f9XU8ehLxDKYBFDo1V4T+w","afpinOgdZNd6SOYy4K/PsP","d355+wV/5LF6O1oock6AqD","e5U+0U3OJKfYGYJ9lJHuSa","67xwRoq6JKkqHepPzmHbEU","62hoaNrJdK35/bVXEDksU5","e04rgtnoxKwJDTDvv9u2SO","91xLUTpPNGAZvJMwuO356N","2bIBZiwp5MBJo7TMnwF1B8","5aXoYO/G9PYo/0rTJxcnfK","c6+hy9us1PV6KViK432bCQ","b4ehulezxDKIdYqbGMAk/6","5a+mA+fD5FgY5NXB/LMZx1","ffQCBxhhxMXJAHQbGh91CX","8bboBGHKxBs4/nr7HNz8xH","d43pTxt/xPGaAfudR2PI4l","39X6GoZmhIeJnlnsExyBIg","80JETwqPNLtodBbaQ9568E","803z8yMF9KyYbE+c6Od3Y6","9c/lAFL+FBopm+XPUM46oq","37pcJgDDNPfZM+Ju++nPle","59DP279K5LnbVTgQjKAOI+","a4JG+lLDZBLZ9RTpGNotRf","f3s7t8OEZC8YB3mhR22V7f","081BulrltBTLBzoq1ihjU3","9dm6q6s/lNbYllMcxrHN56","27hX9Vp+hJq4FZYx0C8UZL","0c1UnXWsRKFa1QiFwRjcyu","09EwMxaP9Pbbi8JN7dqSx1","d9olXGtIlCA79ffApEy5jf","0e8ZGmNDhCnYVwvlOe6mJy","abArd0l7RNIr6/RY3S/ZAb","557jEW4lZHfIYoup/N+DDS","29X8b4d05PioA/TvskKO3p","2bk27glP1A4ptZO4IQ80Nh","abs53JZXNDIqWGBOIgi3oI","c9zpNnYLdN64dxZSWxiuzU","80sJ+RkklCp6hOzMCTDrZY","38jMnL2T5CY6jTotMFOOAS","78X0y+7ThOjYOqY+omMwHb","36Gpuy24FFmot/hx3BvHXi","ebgju5qnJFSqJTOxDI1k43","b8Movnts5LkZQff5Tt1+FJ","97RSJorNxNu51mInEbLgwb","ca+sjWS4xMOpoLOijgaoPD","deAK2+CrpJCaxjk6h/i0vB","45KiLjShRC5o9GeXI9AbTf","88Tc4SLR1B550VAzE3K/RD","50rAaBZIBJPLXeEa5fsk5m","0fJ7p6/gBOv7cyejabgyEA","8bAZv8YKpFuZxDfJ8N3JPc","a1uMfgcepChYbz8wg3QhHF","efn18SoIVBLrbusaPz4Y4Q","7a6mp6wUNABZsb4vRUdQpg","460BS9M0ZGH6rJBDy5kKmJ","c5bAXhqxJO6bfNu5Cct1Hh","9bjDPFB9BBk62bUSlJus19"],["node","_spriteFrame","_textureSetter","_parent","_N$normalSprite","_N$disabledSprite","soundSprite","camera","target","scene","endWinPrefab","endLosePrefab","iceBlock","newScore","unbelievable","boomPrefab","rainbowPrefab"],["cc.SpriteFrame",["cc.Node",["_name","_active","_id","_objFlags","_components","_contentSize","_parent","_trs","_children"],-1,9,5,1,7,2],["cc.Widget",["_alignFlags","_top","_originalWidth","node"],0,1],["cc.Sprite",["_sizeMode","_isTrimmedMode","node","_materials","_spriteFrame"],1,1,3,6],["cc.Button",["_N$transition","zoomScale","node","clickEvents","_N$normalSprite","_N$disabledSprite"],1,1,9,6,6],["cc.ClickEvent",["_componentId","handler","customEventData","target"],0,1],["cc.Label",["_string","_N$horizontalAlign","_N$verticalAlign","_fontSize","_lineHeight","node","_materials"],-2,1,3],["cc.AnimationClip",["_name"],2],["cc.SceneAsset",["_name","asyncLoadAssets"],1],["cc.Node",["_name","_parent","_components","_contentSize","_anchorPoint","_trs"],2,1,12,5,5,7],["cc.Node",["_name","_parent","_components"],2,1,2],["cc.Canvas",["_fitWidth","_fitHeight","node","_designResolution"],1,1,5],["59a03vykgZP4bkni1hbMUa/",["node","modeBestScore","soundSprite"],3,1,2,1],["ecdb7ecphdJJY1C8vxcKRPl",["node","endWinPrefab","endLosePrefab","iceBlock","newScore","unbelievable","boomPrefab","rainbowPrefab"],3,1,6,6,6,6,6,6,6],["8fdf65n/IVKp6dWPqfwMcfS",["node","camera"],3,1,1],["c9031qCz69Pv4tZGodkCAK5",["node"],3,1],["cc.Animation",["node","_clips"],3,1,3],["58914SLFnpEyIYKeURv5sqS",["node"],3,1],["cc.LabelOutline",["_width","node","_color"],2,1,5],["cc.Scene",["_name","_active","_children","_anchorPoint","_trs"],1,2,5,7],["cc.Camera",["_clearFlags","_depth","node","_backgroundColor"],1,1,5]],[[3,2,3,4,1],[1,0,6,4,5,7,2],[1,0,6,8,4,5,7,2],[9,0,1,2,3,4,5,2],[4,1,0,2,3,3],[5,0,1,2,3,4],[18,0,1,2,2],[6,0,3,4,1,2,5,6,6],[1,0,1,6,8,4,5,7,3],[1,0,1,6,4,5,7,3],[17,0,1],[6,0,1,2,5,6,4],[1,0,3,6,4,5,7,3],[7,0,2],[3,0,2,3,4,2],[5,0,1,3,3],[8,0,1,3],[1,0,2,8,4,5,7,3],[1,0,6,8,2],[1,0,8,4,5,7,2],[1,0,1,6,4,5,3],[1,0,6,4,5,2],[10,0,1,2,2],[11,0,1,2,3,3],[2,0,3,2],[2,0,1,3,3],[2,0,2,3,3],[12,0,1,2,1],[13,0,1,2,3,4,5,6,7,1],[14,0,1,1],[3,0,1,2,3,4,3],[4,2,3,4,5,1],[4,0,2,3,4,5,2],[15,0,1],[16,0,1,1],[19,0,1,2,3,4,3],[20,0,1,2,3,3]],[[[{"name":"btn_sound2","rect":[0,0,106,105],"offset":[0,0],"originalSize":[106,105],"capInsets":[0,0,0,0]}],[0],0,[0],[2],[10]],[[{"name":"btn_mode2","rect":[0,0,512,204],"offset":[0,0],"originalSize":[512,204],"capInsets":[0,0,0,0]}],[0],0,[0],[2],[11]],[[{"name":"k9","rect":[1,1,91,110],"offset":[-0.5,0],"originalSize":[94,112],"capInsets":[0,0,0,0]}],[0],0,[0],[2],[12]],[[{"name":"k3","rect":[0,0,180,155],"offset":[-1.5,0.5],"originalSize":[183,156],"capInsets":[0,0,0,0]}],[0],0,[0],[2],[13]],[[{"name":"modename5","rect":[16,1,220,59],"offset":[0,2],"originalSize":[252,65],"capInsets":[0,0,0,0]}],[0],0,[0],[2],[14]],[[{"name":"k8","rect":[0,0,167,127],"offset":[-1,0.5],"originalSize":[169,128],"capInsets":[0,0,0,0]}],[0],0,[0],[2],[15]],[[{"name":"k6","rect":[2,0,182,164],"offset":[0,0.5],"originalSize":[186,165],"capInsets":[0,0,0,0]}],[0],0,[0],[2],[16]],[[{"name":"modename8","rect":[0,0,260,34],"offset":[0,0],"originalSize":[260,34],"capInsets":[0,0,0,0]}],[0],0,[0],[2],[17]],[[{"name":"modename9","rect":[0,0,266,34],"offset":[0,0],"originalSize":[266,34],"capInsets":[0,0,0,0]}],[0],0,[0],[2],[18]],[[{"name":"modename1","rect":[0,17,252,33],"offset":[0,0],"originalSize":[252,67],"capInsets":[0,0,0,0]}],[0],0,[0],[2],[19]],[[[13,"UI_menutop2"]],0,0,[],[],[]],[[{"name":"dqgq","rect":[0,7,128,18],"offset":[0,-0.5],"originalSize":[128,31],"capInsets":[0,0,0,0]}],[0],0,[0],[2],[20]],[[{"name":"playBtn","rect":[5,35,202,118],"offset":[1,6],"originalSize":[210,200],"capInsets":[0,0,0,0]}],[0],0,[0],[2],[21]],[[{"name":"k2","rect":[1,0,160,177],"offset":[-1,1],"originalSize":[164,179],"capInsets":[0,0,0,0]}],[0],0,[0],[2],[22]],[[[16,"menu",null],[17,"Canvas","a5esZu+45LA5mBpvttspPD",[-17,-18,-19,-20,-21],[[23,true,false,-1,[5,720,1280]],[24,45,-2],[27,-13,[-4,-5,-6,-7,-8,-9,-10,-11,-12],-3],[28,-14,118,119,120,121,122,123,124],[29,-16,-15]],[5,720,1280],[360,640,0,0,0,0,1,1,1,1]],[18,"modenode",1,[-22,-23,-24,-25,-26,-27,-28,-29,-30]],[2,"btn_mode4",2,[-33,-34,-35,-36,-37],[[0,-31,[26],27],[4,0.9,3,-32,[[5,"59a03vykgZP4bkni1hbMUa/","onClickMode","4",1]]]],[5,512,204],[-166,-301,0,0,0,0,1,0.65,0.65,0]],[2,"btn_mode2",2,[-40,-41,-42,-43,-44],[[0,-38,[47],48],[4,0.9,3,-39,[[5,"59a03vykgZP4bkni1hbMUa/","onClickMode","2",1]]]],[5,512,204],[166,-36,0,0,0,0,1,0.65,0.65,0]],[2,"btn_mode5",2,[-47,-48,-49,-50,-51],[[0,-45,[68],69],[4,0.9,3,-46,[[5,"59a03vykgZP4bkni1hbMUa/","onClickMode","5",1]]]],[5,512,204],[-166,-36,0,0,0,0,1,0.65,0.65,0]],[2,"btn_mode3",2,[-54,-55,-56,-57,-58],[[0,-52,[80],81],[4,0.9,3,-53,[[5,"59a03vykgZP4bkni1hbMUa/","onClickMode","3",1]]]],[5,512,204],[166,-169,0,0,0,0,1,0.65,0.65,0]],[2,"btn_mode6",2,[-61,-62,-63,-64,-65],[[0,-59,[92],93],[4,0.9,3,-60,[[5,"59a03vykgZP4bkni1hbMUa/","onClickMode","6",1]]]],[5,512,204],[-166,-169,0,0,0,0,1,0.65,0.65,0]],[2,"btn_mode7",2,[-68,-69,-70,-71,-72],[[0,-66,[104],105],[4,0.9,3,-67,[[5,"59a03vykgZP4bkni1hbMUa/","onClickMode","7",1]]]],[5,512,204],[166,-301,0,0,0,0,1,0.65,0.65,0]],[2,"btn_mode8",2,[-75,-76,-77,-78,-79],[[0,-73,[116],117],[4,0.9,3,-74,[[5,"59a03vykgZP4bkni1hbMUa/","onClickMode","8",1]]]],[5,512,204],[0,-467.979,0,0,0,0,1,0.65,0.65,0]],[19,"btn_set",[-85],[[0,-80,[10],11],[31,-82,[[15,"c9031qCz69Pv4tZGodkCAK5","onClickSelf",-81]],12,13],[33,-83],[25,1,5,-84]],[5,106,105],[-303,52.5,0,0,0,0,1,1,1,0]],[2,"btn_mode1",2,[-88,-89,-90,-91],[[0,-86,[35],36],[4,0.9,3,-87,[[5,"59a03vykgZP4bkni1hbMUa/","onClickMode","1",1]]]],[5,512,204],[166,96,0,0,0,0,1,0.65,0.65,0]],[2,"btn_mode0",2,[-94,-95,-96,-97],[[0,-92,[56],57],[4,0.9,3,-93,[[5,"59a03vykgZP4bkni1hbMUa/","onClickMode","0",1]]]],[5,512,204],[-166,96,0,0,0,0,1,0.65,0.65,0]],[2,"topnode",1,[10],[[34,-98,[14,15]],[26,41,720,-99]],[5,720,220],[0,530,0,0,0,0,1,1,1,1]],[2,"btn_sound",10,[-102],[[0,-100,[6],7],[32,3,-101,[[15,"59a03vykgZP4bkni1hbMUa/","onClickSetAudio",1]],8,9]],[5,106,105],[0,110,0,0,0,0,1,1,1,0]],[8,"icon_video",false,3,[-105],[[0,-103,[24],25],[10,-104]],[5,56,43],[191.679,-41.622,0,0,0,0,1,1,1,1]],[8,"icon_video",false,4,[-108],[[0,-106,[45],46],[10,-107]],[5,56,43],[191.679,-41.622,0,0,0,0,1,1,1,1]],[8,"icon_video",false,5,[-111],[[0,-109,[66],67],[10,-110]],[5,56,43],[191.679,-41.622,0,0,0,0,1,1,1,1]],[8,"icon_video",false,6,[-114],[[0,-112,[78],79],[10,-113]],[5,56,43],[191.679,-41.622,0,0,0,0,1,1,1,1]],[8,"icon_video",false,7,[-117],[[0,-115,[90],91],[10,-116]],[5,56,43],[191.679,-41.622,0,0,0,0,1,1,1,1]],[8,"icon_video",false,8,[-120],[[0,-118,[102],103],[10,-119]],[5,56,43],[191.679,-41.622,0,0,0,0,1,1,1,1]],[8,"icon_video",false,9,[-123],[[0,-121,[114],115],[10,-122]],[5,56,43],[191.679,-41.622,0,0,0,0,1,1,1,1]],[20,"btn_sound2",false,14,[[0,-124,[4],5]],[5,106,105]],[3,"Label_num",3,[[-125,[6,2,-126,[4,4284703587]]],1,4],[5,77.41,48.1],[0,0,0.5],[70,-28,0,0,0,0,1,1,1,1]],[3,"Label_num",11,[[-127,[6,2,-128,[4,4284703587]]],1,4],[5,77.41,48.1],[0,0,0.5],[70,-28,0,0,0,0,1,1,1,1]],[3,"Label_num",4,[[-129,[6,2,-130,[4,4284703587]]],1,4],[5,77.41,48.1],[0,0,0.5],[70,-28,0,0,0,0,1,1,1,1]],[3,"Label_num",12,[[-131,[6,2,-132,[4,4284703587]]],1,4],[5,77.41,48.1],[0,0,0.5],[70,-28,0,0,0,0,1,1,1,1]],[3,"Label_num",5,[[-133,[6,2,-134,[4,4284703587]]],1,4],[5,77.41,48.1],[0,0,0.5],[70,-28,0,0,0,0,1,1,1,1]],[3,"Label_num",6,[[-135,[6,2,-136,[4,4284703587]]],1,4],[5,77.41,48.1],[0,0,0.5],[70,-28,0,0,0,0,1,1,1,1]],[3,"Label_num",7,[[-137,[6,2,-138,[4,4284703587]]],1,4],[5,77.41,48.1],[0,0,0.5],[70,-28,0,0,0,0,1,1,1,1]],[3,"Label_num",8,[[-139,[6,2,-140,[4,4284703587]]],1,4],[5,95.77,48.1],[0,0,0.5],[70,-28,0,0,0,0,1,1,1,1]],[3,"Label_num",9,[[-141,[6,2,-142,[4,4284703587]]],1,4],[5,95.77,48.1],[0,0,0.5],[70,-28,0,0,0,0,1,1,1,1]],[35,"New Node",false,[1],[0,0,0],[0,0,0,0,0,0,1,1,1,1]],[22,"Main Camera",1,[-143]],[36,7,-1,33,[4,4281867050]],[21,"zjm",1,[[0,-144,[0],1]],[5,720,1680]],[1,"logo",1,[[0,-145,[2],3]],[5,505,229],[0,400,0,0,0,0,1,1,1,1]],[1,"zhuangshi",3,[[0,-146,[16],17]],[5,145,149],[-156.129,2.5040000000000013,0,0,0,0,1,1,1,1]],[1,"modename",3,[[0,-147,[18],19]],[5,239,66],[60,30,0,0,0,0,1,1,1,1]],[1,"meishuzi",3,[[0,-148,[20],21]],[5,128,18],[0,-28,0,0,0,0,1,1,1,1]],[7,"9999",33,35,1,1,23,[22]],[9,"iconAD",false,15,[[11,"AD",1,1,-149,[23]]],[5,55.57,50.4],[0,2,0,0,0,0,1,1,1,1]],[12,"zhuangshi",512,11,[[0,-150,[28],29]],[5,175,179],[-156.129,2.5040000000000013,0,0,0,0,1,1,1,1]],[12,"modename",512,11,[[0,-151,[30],31]],[5,252,33],[60,30,0,0,0,0,1,1,1,1]],[1,"meishuzi",11,[[0,-152,[32],33]],[5,126,20],[0,-28,0,0,0,0,1,1,1,1]],[7,"9999",33,35,1,1,24,[34]],[1,"zhuangshi",4,[[0,-153,[37],38]],[5,160,177],[-156.129,2.5040000000000013,0,0,0,0,1,1,1,1]],[1,"modename",4,[[0,-154,[39],40]],[5,193,65],[60,30,0,0,0,0,1,1,1,1]],[1,"meishuzi",4,[[0,-155,[41],42]],[5,126,20],[0,-28,0,0,0,0,1,1,1,1]],[7,"9999",33,35,1,1,25,[43]],[9,"iconAD",false,16,[[11,"AD",1,1,-156,[44]]],[5,55.57,50.4],[0,2,0,0,0,0,1,1,1,1]],[12,"zhuangshi",512,12,[[0,-157,[49],50]],[5,91,110],[-156.129,2.5040000000000013,0,0,0,0,1,1,1,1]],[12,"modename",512,12,[[0,-158,[51],52]],[5,156,66],[60,30,0,0,0,0,1,1,1,1]],[1,"meishuzi",12,[[0,-159,[53],54]],[5,126,20],[0,-28,0,0,0,0,1,1,1,1]],[7,"9999",33,35,1,1,26,[55]],[1,"zhuangshi",5,[[0,-160,[58],59]],[5,182,164],[-156.129,2.5040000000000013,0,0,0,0,1,1,1,1]],[1,"modename",5,[[0,-161,[60],61]],[5,220,59],[60,30,0,0,0,0,1,1,1,1]],[1,"meishuzi",5,[[0,-162,[62],63]],[5,128,18],[0,-28,0,0,0,0,1,1,1,1]],[7,"9999",33,35,1,1,27,[64]],[9,"iconAD",false,17,[[11,"AD",1,1,-163,[65]]],[5,55.57,50.4],[0,2,0,0,0,0,1,1,1,1]],[1,"zhuangshi",6,[[0,-164,[70],71]],[5,180,155],[-156.129,2.5040000000000013,0,0,0,0,1,1,1,1]],[1,"modename",6,[[0,-165,[72],73]],[5,230,63],[60,30,0,0,0,0,1,1,1,1]],[1,"meishuzi",6,[[0,-166,[74],75]],[5,126,20],[0,-28,0,0,0,0,1,1,1,1]],[7,"9999",33,35,1,1,28,[76]],[9,"iconAD",false,18,[[11,"AD",1,1,-167,[77]]],[5,55.57,50.4],[0,2,0,0,0,0,1,1,1,1]],[1,"zhuangshi",7,[[0,-168,[82],83]],[5,167,127],[-156.129,2.5040000000000013,0,0,0,0,1,1,1,1]],[1,"modename",7,[[0,-169,[84],85]],[5,249,46],[60,30,0,0,0,0,1,1,1,1]],[1,"meishuzi",7,[[0,-170,[86],87]],[5,126,20],[0,-28,0,0,0,0,1,1,1,1]],[7,"9999",33,35,1,1,29,[88]],[9,"iconAD",false,19,[[11,"AD",1,1,-171,[89]]],[5,55.57,50.4],[0,2,0,0,0,0,1,1,1,1]],[1,"zhuangshi",8,[[30,2,false,-172,[94],95]],[5,210,200],[-156.129,2.5040000000000013,0,0,0,0,1,1.2,1.2,1]],[1,"modename",8,[[14,2,-173,[96],97]],[5,260,34],[60,30,0,0,0,0,1,1,1,1]],[1,"meishuzi",8,[[0,-174,[98],99]],[5,126,20],[0,-28,0,0,0,0,1,1,1,1]],[7,"54321",33,35,1,1,30,[100]],[9,"iconAD",false,20,[[11,"AD",1,1,-175,[101]]],[5,55.57,50.4],[0,2,0,0,0,0,1,1,1,1]],[1,"zhuangshi",9,[[0,-176,[106],107]],[5,175,179],[-156.129,2.5040000000000013,0,0,0,0,1,1,1,1]],[1,"modename",9,[[14,2,-177,[108],109]],[5,266,34],[60,30,0,0,0,0,1,1,1,1]],[1,"meishuzi",9,[[0,-178,[110],111]],[5,126,20],[0,-28,0,0,0,0,1,1,1,1]],[7,"54321",33,35,1,1,31,[112]],[9,"iconAD",false,21,[[11,"AD",1,1,-179,[113]]],[5,55.57,50.4],[0,2,0,0,0,0,1,1,1,1]]],0,[0,0,1,0,0,1,0,6,22,0,-1,54,0,-2,45,0,-3,49,0,-4,63,0,-5,40,0,-6,58,0,-7,68,0,-8,73,0,-9,78,0,0,1,0,0,1,0,7,34,0,0,1,0,-1,33,0,-2,35,0,-3,36,0,-4,13,0,-5,2,0,-1,3,0,-2,11,0,-3,4,0,-4,12,0,-5,5,0,-6,6,0,-7,7,0,-8,8,0,-9,9,0,0,3,0,0,3,0,-1,37,0,-2,38,0,-3,39,0,-4,23,0,-5,15,0,0,4,0,0,4,0,-1,46,0,-2,47,0,-3,48,0,-4,25,0,-5,16,0,0,5,0,0,5,0,-1,55,0,-2,56,0,-3,57,0,-4,27,0,-5,17,0,0,6,0,0,6,0,-1,60,0,-2,61,0,-3,62,0,-4,28,0,-5,18,0,0,7,0,0,7,0,-1,65,0,-2,66,0,-3,67,0,-4,29,0,-5,19,0,0,8,0,0,8,0,-1,70,0,-2,71,0,-3,72,0,-4,30,0,-5,20,0,0,9,0,0,9,0,-1,75,0,-2,76,0,-3,77,0,-4,31,0,-5,21,0,0,10,0,8,10,0,0,10,0,0,10,0,0,10,0,-1,14,0,0,11,0,0,11,0,-1,42,0,-2,43,0,-3,44,0,-4,24,0,0,12,0,0,12,0,-1,51,0,-2,52,0,-3,53,0,-4,26,0,0,13,0,0,13,0,0,14,0,0,14,0,-1,22,0,0,15,0,0,15,0,-1,41,0,0,16,0,0,16,0,-1,50,0,0,17,0,0,17,0,-1,59,0,0,18,0,0,18,0,-1,64,0,0,19,0,0,19,0,-1,69,0,0,20,0,0,20,0,-1,74,0,0,21,0,0,21,0,-1,79,0,0,22,0,-1,40,0,0,23,0,-1,45,0,0,24,0,-1,49,0,0,25,0,-1,54,0,0,26,0,-1,58,0,0,27,0,-1,63,0,0,28,0,-1,68,0,0,29,0,-1,73,0,0,30,0,-1,78,0,0,31,0,-1,34,0,0,35,0,0,36,0,0,37,0,0,38,0,0,39,0,0,41,0,0,42,0,0,43,0,0,44,0,0,46,0,0,47,0,0,48,0,0,50,0,0,51,0,0,52,0,0,53,0,0,55,0,0,56,0,0,57,0,0,59,0,0,60,0,0,61,0,0,62,0,0,64,0,0,65,0,0,66,0,0,67,0,0,69,0,0,70,0,0,71,0,0,72,0,0,74,0,0,75,0,0,76,0,0,77,0,0,79,0,9,32,1,3,32,10,3,13,179],[0,0,0,0,0,0,0,0,0,0,0,0,0,0,0,0,0,0,0,0,0,0,0,0,0,0,0,0,0,0,0,0,0,0,0,0,0,0,0,0,0,0,0,0,0,0,0,0,0,0,0,0,0,0,0,0,0,0,0,0,0,0,0,0,0,0,0,0,0,0,0,0,0,0,0,0,0,0,0,0,0,0,0,0,0,0,0,0,0,0,0,0,0,0,0,0,0,0,0,0,0,0,0,0,0,0,0,0,0,0,0,0,0,0,0,0,0,0,0,0,0,0,0,0,0],[-1,1,-1,1,-1,1,-1,1,4,5,-1,1,4,5,-1,-2,-1,1,-1,1,-1,1,-1,-1,-1,1,-1,1,-1,1,-1,1,-1,1,-1,-1,1,-1,1,-1,1,-1,1,-1,-1,-1,1,-1,1,-1,1,-1,1,-1,1,-1,-1,1,-1,1,-1,1,-1,1,-1,-1,-1,1,-1,1,-1,1,-1,1,-1,1,-1,-1,-1,1,-1,1,-1,1,-1,1,-1,1,-1,-1,-1,1,-1,1,-1,1,-1,1,-1,1,-1,-1,-1,1,-1,1,-1,1,-1,1,-1,1,-1,-1,-1,1,-1,1,10,11,12,13,14,15,16],[0,23,0,24,0,3,0,4,4,3,0,25,4,3,26,27,0,28,0,29,0,6,0,0,0,1,0,30,0,7,0,31,0,2,0,0,8,0,32,0,33,0,2,0,0,0,1,0,34,0,35,0,36,0,2,0,0,5,0,37,0,38,0,6,0,0,0,1,0,9,0,39,0,40,0,2,0,0,0,1,0,8,0,41,0,42,0,2,0,0,0,1,0,5,0,43,0,44,0,2,0,0,0,1,0,5,0,7,0,45,0,2,0,0,0,1,0,9,46,47,48,49,50,51,52]],[[{"name":"btn_sound","rect":[0,0,106,105],"offset":[0,0],"originalSize":[106,105],"capInsets":[0,0,0,0]}],[0],0,[0],[2],[53]],[[{"name":"k4","rect":[1,0,145,149],"offset":[-0.5,1],"originalSize":[148,151],"capInsets":[0,0,0,0]}],[0],0,[0],[2],[54]],[[{"name":"modename4","rect":[5,0,239,66],"offset":[-1.5,0],"originalSize":[252,66],"capInsets":[0,0,0,0]}],[0],0,[0],[2],[55]],[[{"name":"k1","rect":[0,0,175,179],"offset":[0,0],"originalSize":[175,179],"capInsets":[0,0,0,0]}],[0],0,[0],[2],[56]],[[{"name":"btn_set","rect":[0,0,106,105],"offset":[0,0],"originalSize":[106,105],"capInsets":[0,0,0,0]}],[0],0,[0],[2],[57]],[[{"name":"dqcj","rect":[1,6,126,20],"offset":[0,-0.5],"originalSize":[128,31],"capInsets":[0,0,0,0]}],[0],0,[0],[2],[58]],[[{"name":"btn_mode1","rect":[0,0,512,204],"offset":[0,0],"originalSize":[512,204],"capInsets":[111,0,327,0]}],[0],0,[0],[2],[59]],[[{"name":"xl","rect":[15,0,156,66],"offset":[-1,0],"originalSize":[188,66],"capInsets":[0,0,0,0]}],[0],0,[0],[2],[60]],[[{"name":"btn_mode3","rect":[0,0,512,204],"offset":[0,0],"originalSize":[512,204],"capInsets":[0,0,0,0]}],[0],0,[0],[2],[61]],[[{"name":"modename2","rect":[2,1,193,65],"offset":[-1,-0.5],"originalSize":[199,66],"capInsets":[0,0,0,0]}],[0],0,[0],[2],[62]],[[{"name":"btn_mode5","rect":[0,0,512,204],"offset":[0,0],"originalSize":[512,204],"capInsets":[0,0,0,0]}],[0],0,[0],[2],[63]],[[{"name":"modename7","rect":[2,11,249,46],"offset":[0.5,-1],"originalSize":[252,66],"capInsets":[0,0,0,0]}],[0],0,[0],[2],[64]],[[[13,"UI_menutop1"]],0,0,[],[],[]],[[{"name":"modename3","rect":[9,1,230,63],"offset":[-1,0.5],"originalSize":[250,66],"capInsets":[0,0,0,0]}],[0],0,[0],[2],[65]],[[{"name":"btn_mode4","rect":[0,0,512,204],"offset":[0,0],"originalSize":[512,204],"capInsets":[0,0,0,0]}],[0],0,[0],[2],[66]],[[{"name":"logo","rect":[0,0,505,229],"offset":[0,0],"originalSize":[505,229],"capInsets":[0,0,0,0]}],[0],0,[0],[2],[67]]]]