[1,["ecpdLyjvZBwrvm+cedCcQy","a5DJy2gHFHS5ZBoxAYtsX0","78M3cIRxFGWbCm35sIcwsD","7cr1HgahxE+46N53r+OjuR","62bZa1RpBGa6g/xrwsGCKm","a3zjUxQNlJMISXCPstT+h3","04nszxslJA1JOAMpaQGMqV","d8OZxTRaJDl7b4+C618dkh","3fA2IX4aVOfalDC4I21d5z","01l2GDYAVHJ6AYzH9Du/DC","c5TbRpImBAt4vwdJir/Lzn","efLBauhPpCYqOgyovjcZem","12LScBh7tOtbzCwhoiMXCq","faoleCrnJNUaZPp059TRu2","94+8eGJxdJ4KwePmweHwx1","33AntXQxRH+JuiZO3dQhYO","feDY2WqLhDebBCsnYDrQs4","e4QomMlERAwI94jx4wIXVw","5akEhBtnNMFrJNabgLa/jm","3e1xxIjTJJOoOassCGLTYb","dd7dsKpbBDW5U4BxO5MOST","d23nN4bI5PkJOgrVxu1BwB","beDpnkKRFHUo2wiWE9vjEO","b9JiKWj1tNVpox2OeTGCik"],["node","_spriteFrame","_textureSetter","root","data","_defaultClip"],[["cc.Node",["_name","_opacity","_active","_prefab","_components","_parent","_children","_trs","_contentSize"],0,4,9,1,2,7,5],"cc.SpriteFrame",["cc.PrefabInfo",["fileId","root","asset"],2,1,1],["cc.AnimationClip",["_name","_duration","curveData"],1,11],["cc.Prefab",["_name"],2],["cc.Animation",["playOnLoad","node","_clips","_defaultClip"],2,1,3,6],["cc.Sprite",["node","_materials","_spriteFrame"],3,1,3,6],["cc.ParticleSystem",["_custom","totalParticles","duration","emissionRate","life","lifeVar","angle","angleVar","startSize","startSizeVar","endSize","endSizeVar","endSpin","endSpinVar","_positionType","speed","speedVar","tangentialAccel","node","_materials","_startColor","_startColorVar","_endColor","_endColorVar","posVar","_spriteFrame"],-15,1,3,8,8,8,8,5,6]],[[2,0,1,2,2],[6,0,1,2,1],[0,0,5,4,3,8,7,2],[3,0,1,2,3],[0,0,2,5,4,3,3],[7,0,1,2,3,4,5,6,7,8,9,10,11,12,13,14,15,16,17,18,19,20,21,22,23,24,25,19],[0,0,1,5,6,4,3,8,3],[4,0,2],[0,0,6,4,3,7,2],[0,0,1,5,6,3,7,3],[5,0,1,2,3,2],[2,1,2,1]],[[[{"name":"eliminate3","rect":[0,0,185,50],"offset":[0,0],"originalSize":[185,50],"capInsets":[0,0,0,0]}],[1],0,[0],[2],[7]],[[[3,"popFlatter1",1,[{},"paths",11,[{"eliminate2/Particle":{"props":{"active":[{"frame":0,"value":false},{"frame":0.3333333333333333,"value":true}]}}},"eliminate2",11,[{},"props",11,[{"opacity":[{"frame":0,"value":255},{"frame":0.8333333333333334,"value":255},{"frame":1,"value":0}]},"scale",12,[[[{"frame":0,"curve":[0.18,0.89,0.31,1.21]},"value",8,[1,0,0,1]],[{"frame":0.3333333333333333},"value",8,[1,1,1,1]]],11,11]]]]]]],0,0,[],[],[]],[[[7,"popFlatter"],[8,"popFlatter",[-3,-4,-5,-6,-7],[[10,true,-2,[47,48,49,50,51],46]],[11,-1,0],[0,400,0,0,0,0,1,1,1,1]],[9,"eliminate6",0,1,[-8,-9,-10,-11,-12,-13,-14,-15,-16,-17,-18,-19,-20,-21,-22],[0,"55l8C8eyFPUYaRAn/d7Gir",1,0],[0,-2.996,0,0,0,0,1,0.6,0.6,1]],[6,"eliminate2",0,1,[-24],[[1,-23,[2],3]],[0,"b0i4IkjYdMTYJ1s56IUtZ9",1,0],[5,182,52]],[6,"eliminate3",0,1,[-26],[[1,-25,[6],7]],[0,"aaom/Vuu5BDoSPKxIhX7bK",1,0],[5,185,50]],[6,"eliminate4",0,1,[-28],[[1,-27,[10],11]],[0,"c5CN5aVFVK2Krm0yPmkraY",1,0],[5,327,51]],[6,"eliminate5",0,1,[-30],[[1,-29,[14],15]],[0,"banwwF13pBLotHP1LRKe+l",1,0],[5,291,56]],[4,"Particle",false,3,[[5,true,200,0.2,300,0.20000000298023224,0.3,360,360,30,10,20,10,-47.369998931884766,-142.11000061035156,1,100,100,0,-31,[0],[4,2735392099],[4,3321888768],[4,3592208444],[4,3161587822],[0,20,10],1]],[0,"0admq859hApLhuzJoQk/yJ",1,0]],[4,"Particle",false,4,[[5,true,200,0.2,300,0.20000000298023224,0.3,360,360,30,10,20,10,-47.369998931884766,-142.11000061035156,1,100,100,0,-32,[4],[4,2751438592],[4,3321888768],[4,3604516126],[4,3154129920],[0,20,10],5]],[0,"adLef+igxNj7mVSzsmRekW",1,0]],[4,"Particle",false,5,[[5,true,200,0.2,300,0.20000000298023224,0.3,360,360,30,10,20,10,-47.369998931884766,-142.11000061035156,1,100,100,0,-33,[8],[4,2748907737],[4,3321888768],[4,3605348325],[4,3154137344],[0,20,10],9]],[0,"c0d00VsrlN3ICFbUiHNIGB",1,0]],[4,"Particle",false,6,[[5,true,200,0.2,300,0.20000000298023224,0.3,360,360,30,10,20,10,-47.369998931884766,-142.11000061035156,1,100,100,0,-34,[12],[4,2734695679],[4,3321888768],[4,3590339583],[4,3154133248],[0,20,10],13]],[0,"93gz6NKI1MNokHnFof/vmp",1,0]],[2,"unbelievable_2",2,[[1,-35,[16],17]],[0,"b4Zt+imVZJda0GneTO4hc1",1,0],[5,43,98],[311.443,0,0,0,0,0,1,1,1,1]],[2,"unbelievable_1",2,[[1,-36,[18],19]],[0,"ca+tGy0Z1BdLNB+XfAxM9P",1,0],[5,43,98],[287.443,0,0,0,0,0,1,1,1,1]],[2,"unbelievable_e3",2,[[1,-37,[20],21]],[0,"32KJyOtrxCRrOS7IWJjWmU",1,0],[5,70,81],[242.443,-9,0,0,0,0,1,1,1,1]],[2,"unbelievable_l2",2,[[1,-38,[22],23]],[0,"cfBm7ulvtFAY/jO6O7QrBJ",1,0],[5,37,98],[202.443,0,0,0,0,0,1,1,1,1]],[2,"unbelievable_b2",2,[[1,-39,[24],25]],[0,"94PyjfwlNFrYbsF8keZcu2",1,0],[5,75,98],[162.443,0,0,0,0,0,1,1,1,1]],[2,"unbelievable_a",2,[[1,-40,[26],27]],[0,"47DxRHTAxDSZaOMz6M5iPe",1,0],[5,73,81],[105.443,-9,0,0,0,0,1,1,1,1]],[2,"unbelievable_v",2,[[1,-41,[28],29]],[0,"6eknALixREtZcWIxDoEkoF",1,0],[5,76,80],[52.443,-9,0,0,0,0,1,1,1,1]],[2,"unbelievable_e2",2,[[1,-42,[30],31]],[0,"37wn25ssdDOb/fWuRwHQ8u",1,0],[5,70,81],[-4.557,-9,0,0,0,0,1,1,1,1]],[2,"unbelievable_i",2,[[1,-43,[32],33]],[0,"fc876MdzZJo7KWhswkhOBP",1,0],[5,38,98],[-42.557,0,0,0,0,0,1,1,1,1]],[2,"unbelievable_l",2,[[1,-44,[34],35]],[0,"71zwTFfJVIaL1TCUF6+05I",1,0],[5,37,98],[-62.557,0,0,0,0,0,1,1,1,1]],[2,"unbelievable_e",2,[[1,-45,[36],37]],[0,"cdyxmBIlFEfaXZBvBl+pCi",1,0],[5,70,81],[-100.557,-9,0,0,0,0,1,1,1,1]],[2,"unbelievable_b",2,[[1,-46,[38],39]],[0,"dcHULGJ1ZHyr1zxx/zsaX1",1,0],[5,75,98],[-157.557,0,0,0,0,0,1,1,1,1]],[2,"unbelievable_n",2,[[1,-47,[40],41]],[0,"77podIARhOBLZ9LYNcLHyZ",1,0],[5,72,81],[-214.557,-9,0,0,0,0,1,1,1,1]],[2,"unbelievable_u",2,[[1,-48,[42],43]],[0,"9bp/aMPJBDPKr/WIvORiCc",1,0],[5,83,98],[-272.557,0,0,0,0,0,1,1,1,1]],[4,"Particle",false,2,[[5,true,200,0.2,300,0.20000000298023224,0.3,360,360,30,10,20,10,-47.369998931884766,-142.11000061035156,1,100,100,0,-49,[44],[4,2734751743],[4,3321888768],[4,3590378495],[4,3154132224],[0,20,10],45]],[0,"a48z8JomRFRYeaajiQfdpI",1,0]]],0,[0,3,1,0,0,1,0,-1,3,0,-2,4,0,-3,5,0,-4,6,0,-5,2,0,-1,11,0,-2,12,0,-3,13,0,-4,14,0,-5,15,0,-6,16,0,-7,17,0,-8,18,0,-9,19,0,-10,20,0,-11,21,0,-12,22,0,-13,23,0,-14,24,0,-15,25,0,0,3,0,-1,7,0,0,4,0,-1,8,0,0,5,0,-1,9,0,0,6,0,-1,10,0,0,7,0,0,8,0,0,9,0,0,10,0,0,11,0,0,12,0,0,13,0,0,14,0,0,15,0,0,16,0,0,17,0,0,18,0,0,19,0,0,20,0,0,21,0,0,22,0,0,23,0,0,24,0,0,25,0,4,1,49],[0,0,0,0,0,0,0,0,0,0,0,0,0,0,0,0,0,0,0,0,0,0,0,0,0,0,0,0,0,0,0,0,0,0,0,0,0,0,0,0,0,0,0,0,0,0,0,0,0,0,0,0],[-1,1,-1,1,-1,1,-1,1,-1,1,-1,1,-1,1,-1,1,-1,1,-1,1,-1,1,-1,1,-1,1,-1,1,-1,1,-1,1,-1,1,-1,1,-1,1,-1,1,-1,1,-1,1,-1,1,5,-1,-2,-3,-4,-5],[0,1,0,8,0,1,0,9,0,1,0,10,0,1,0,11,0,3,0,3,0,2,0,4,0,5,0,12,0,13,0,2,0,14,0,4,0,2,0,5,0,15,0,16,0,1,6,6,17,18,19,20]],[[[3,"popFlatter4",1,[{},"paths",11,[{"eliminate5/Particle":{"props":{"active":[{"frame":0,"value":false},{"frame":0.3333333333333333,"value":true}]}}},"eliminate5",11,[{},"props",11,[{"opacity":[{"frame":0,"value":255},{"frame":0.8333333333333334,"value":255},{"frame":1,"value":0}]},"scale",12,[[[{"frame":0,"curve":[0.18,0.89,0.31,1.21]},"value",8,[1,0,0,1]],[{"frame":0.3333333333333333},"value",8,[1,1,1,1]]],11,11]]]]]]],0,0,[],[],[]],[[{"name":"eliminate2","rect":[0,0,182,52],"offset":[0,0],"originalSize":[182,52],"capInsets":[0,0,0,0]}],[1],0,[0],[2],[21]],[[[3,"popFlatter3",1,[{},"paths",11,[{"eliminate4/Particle":{"props":{"active":[{"frame":0,"value":false},{"frame":0.3333333333333333,"value":true}]}}},"eliminate4",11,[{},"props",11,[{"opacity":[{"frame":0,"value":255},{"frame":0.8333333333333334,"value":255},{"frame":1,"value":0}]},"scale",12,[[[{"frame":0,"curve":[0.18,0.89,0.31,1.21]},"value",8,[1,0,0,1]],[{"frame":0.3333333333333333},"value",8,[1,1,1,1]]],11,11]]]]]]],0,0,[],[],[]],[[{"name":"eliminate4","rect":[0,0,327,51],"offset":[0,0],"originalSize":[327,51],"capInsets":[0,0,0,0]}],[1],0,[0],[2],[22]],[[[3,"popFlatter5",1,[{},"paths",11,[{"eliminate6/Particle":{"props":{"active":[{"frame":0,"value":false},{"frame":0.3333333333333333,"value":true}]}}},"eliminate6",11,[{},"props",11,[{"opacity":[{"frame":0,"value":255},{"frame":0.8333333333333334,"value":255},{"frame":1,"value":0}]},"scale",12,[[[{"frame":0,"curve":[0.18,0.89,0.31,1.21]},"value",8,[1,0,0,1]],[{"frame":0.3333333333333333},"value",8,[1,0.6,0.6,1]]],11,11]]]]]]],0,0,[],[],[]],[[[3,"popFlatter2",1,[{},"paths",11,[{"eliminate3/Particle":{"props":{"active":[{"frame":0,"value":false},{"frame":0.3333333333333333,"value":true}]}}},"eliminate3",11,[{},"props",11,[{"opacity":[{"frame":0,"value":255},{"frame":0.8333333333333334,"value":255},{"frame":1,"value":0}]},"scale",12,[[[{"frame":0,"curve":[0.18,0.89,0.31,1.21]},"value",8,[1,0,0,1]],[{"frame":0.3333333333333333},"value",8,[1,1,1,1]]],11,11]]]]]]],0,0,[],[],[]],[[{"name":"eliminate5","rect":[0,0,291,56],"offset":[0,0],"originalSize":[291,56],"capInsets":[0,0,0,0]}],[1],0,[0],[2],[23]]]]