[1,["39uLr/25NAFLMyA9w2NNxq","2eWV8+3Z9ISJ8mV1YF2I5q"],["_textureSetter","spriteFrame"],["cc.SpriteFrame",["cc.BitmapFont",["_name","fontSize","_fntConfig"],0]],[[1,0,1,2,4]],[[[{"name":"numc_0","rect":[0,0,126,98],"offset":[-1,15],"originalSize":[128,128],"capInsets":[0,0,0,0]}],[0],0,[0],[0],[0]],[[[0,"numc",32,{"commonHeight":32,"fontSize":32,"atlasName":"numc_0.png","fontDefDictionary":{"47":{"xOffset":0,"yOffset":0,"xAdvance":21,"rect":{"x":105,"y":33,"width":21,"height":32}},"48":{"xOffset":0,"yOffset":0,"xAdvance":26,"rect":{"x":56,"y":0,"width":26,"height":32}},"49":{"xOffset":0,"yOffset":0,"xAdvance":19,"rect":{"x":25,"y":66,"width":19,"height":32}},"50":{"xOffset":0,"yOffset":0,"xAdvance":26,"rect":{"x":83,"y":0,"width":26,"height":32}},"51":{"xOffset":0,"yOffset":0,"xAdvance":25,"rect":{"x":54,"y":33,"width":25,"height":32}},"52":{"xOffset":0,"yOffset":0,"xAdvance":27,"rect":{"x":0,"y":0,"width":27,"height":32}},"53":{"xOffset":0,"yOffset":0,"xAdvance":24,"rect":{"x":80,"y":33,"width":24,"height":32}},"54":{"xOffset":0,"yOffset":0,"xAdvance":26,"rect":{"x":0,"y":33,"width":26,"height":32}},"55":{"xOffset":0,"yOffset":0,"xAdvance":24,"rect":{"x":0,"y":66,"width":24,"height":32}},"56":{"xOffset":0,"yOffset":0,"xAdvance":27,"rect":{"x":28,"y":0,"width":27,"height":32}},"57":{"xOffset":0,"yOffset":0,"xAdvance":26,"rect":{"x":27,"y":33,"width":26,"height":32}}},"kerningDict":{}}]],0,0,[0],[1],[1]]]]