[1,["ecpdLyjvZBwrvm+cedCcQy","00jDUs6DtBI4+B0inlKp4x","3baGbyog1PAp7VhN1q8jLI","26lYMxUy1AEqXou0dYwDDg","c6/6hl40lE9p6uhvu+o6vZ","bfHo0ZqvZAua+tsJUw0CLz","47bPftYL1EApnYq/Qg2ZK+","21XX8rryRHULtb4+R/XOso","e9QiOqGRZKup2mXtAsb1hY","c1pzV6t39EEpzX35Q/fHkJ","35jUDk5uVPXq3KFng+JEuC","08ijY3AEhEIaferfY2zi4V","aa18kVnTBN+62+H+sEFPZw"],["_textureSetter","node","_spriteFrame","root","node_xiaoChu","data"],["cc.SpriteFrame",["cc.Node",["_name","_components","_prefab","_contentSize","_children","_parent"],2,9,4,5,2,1],["cc.PrefabInfo",["fileId","root"],2,1],["cc.Prefab",["_name"],2],["b0b9dVvC7ZGlaFPxZvAlstI",["node","spf_block","node_xiaoChu"],3,1,3,1],["cc.Sprite",["_sizeMode","node","_materials","_spriteFrame"],2,1,3,6]],[[5,0,1,2,3,2],[3,0,2],[1,0,4,1,2,3,2],[1,0,5,1,2,3,2],[4,0,1,2,1],[2,1,1],[2,0,1,2]],[[[{"name":"block_red","rect":[0,0,64,64],"offset":[0,0],"originalSize":[64,64],"capInsets":[0,0,0,0]}],[0],0,[0],[0],[2]],[[{"name":"block_blue","rect":[0,0,64,64],"offset":[0,0],"originalSize":[64,64],"capInsets":[0,0,0,0]}],[0],0,[0],[0],[3]],[[{"name":"block_yellow","rect":[0,0,64,64],"offset":[0,0],"originalSize":[64,64],"capInsets":[0,0,0,0]}],[0],0,[0],[0],[4]],[[{"name":"block_select","rect":[0,0,74,74],"offset":[0,0],"originalSize":[74,74],"capInsets":[0,0,0,0]}],[0],0,[0],[0],[5]],[[[1,"block"],[2,"block",[-5],[[4,-3,[2,3,4,5,6],-2],[0,2,-4,[7],8]],[5,-1],[5,64,64]],[3,"spXiaoChu",1,[[0,2,-6,[0],1]],[6,"7bDVNiaC9C7Y9PcKnQq0ax",1],[5,64,64]]],0,[0,3,1,0,4,2,0,1,1,0,1,1,0,-1,2,0,1,2,0,5,1,6],[0,0,0,0,0,0,0,0,0],[-1,2,-1,-2,-3,-4,-5,-1,2],[0,6,7,8,9,1,10,0,1]],[[{"name":"block_purple","rect":[0,0,64,64],"offset":[0,0],"originalSize":[64,64],"capInsets":[0,0,0,0]}],[0],0,[0],[0],[11]],[[{"name":"block_green","rect":[0,0,64,64],"offset":[0,0],"originalSize":[64,64],"capInsets":[0,0,0,0]}],[0],0,[0],[0],[12]]]]