[1,["9bw5D0F6xOsbT3bOaBnFeM","65js1MaodD+aK17oYudYhW","58qUk1TbZKFaXZEZwZUu3R","33B7NhQltJ+rgXf3ayRYwJ","49yVyVgrZFPoZ8RdQGidK8","af380wzpdCSKru4d6i7TvA","6bJIC8+EBNt4I7mf0f/mjL","94yVPmUXZLj7MQnd6kfkyk","acJ4HYFBJMvpeReUl50HIb","aeZxxRYnZM5Ki57vXP5Wzq","8cs/qIzj5EpY5VhACR+zYf","10SWyBpH9DiqYp5a6TOzH8","ddsMG+tLtB3Kp6sFkSk16J","983s/+40ZLzqScY5OdoXJd","1cpypLQNVDdJL+JuDDi+1V","3bbQeCvkdAWJ3Uju/6iFdh","48h6M2NMBIyJsJkH2L6B6Q","f4lg3dgg9G24Dr/h4RNV1C","cbeJZDjyZJf6QMXHQ3u32T","83KRYQmR1ESpW+04Mevhr9","789ZdsuN1Jl7UaNMOypRAp","796t4aK2ZP16Er5Y7RqC91","27duKBQoBDab0e5IaVBxew"],["value"],[["cc.AnimationClip",["_name","_duration","sample","events","curveData"],-1,11]],[[0,0,1,2,3,4,5]],[[0,"biShua",1.3333333333333333,18,[{"frame":1.2777777777777777,"func":"biShuaOver","params":[]},{"frame":1.2777777777777777,"func":"","params":[]}],[{},"comps",11,[{},"cc.Sprite",11,[{},"spriteFrame",12,[[[{"frame":0},"value",6,0],[{"frame":0.05555555555555555},"value",6,1],[{"frame":0.1111111111111111},"value",6,2],[{"frame":0.16666666666666666},"value",6,3],[{"frame":0.2222222222222222},"value",6,4],[{"frame":0.2777777777777778},"value",6,5],[{"frame":0.3333333333333333},"value",6,6],[{"frame":0.3888888888888889},"value",6,7],[{"frame":0.4444444444444444},"value",6,8],[{"frame":0.5},"value",6,9],[{"frame":0.5555555555555556},"value",6,10],[{"frame":0.6111111111111112},"value",6,11],[{"frame":0.6666666666666666},"value",6,12],[{"frame":0.7222222222222222},"value",6,13],[{"frame":0.7777777777777778},"value",6,14],[{"frame":0.8333333333333334},"value",6,15],[{"frame":0.8888888888888888},"value",6,16],[{"frame":0.9444444444444444},"value",6,17],[{"frame":1},"value",6,18],[{"frame":1.0555555555555556},"value",6,19],[{"frame":1.1111111111111112},"value",6,20],[{"frame":1.1666666666666667},"value",6,21],[{"frame":1.2222222222222223},"value",6,22],[{"frame":1.2777777777777777},"value",6,23]],11,11,11,11,11,11,11,11,11,11,11,11,11,11,11,11,11,11,11,11,11,11,11,11]]]]]],0,0,[0,0,0,0,0,0,0,0,0,0,0,0,0,0,0,0,0,0,0,0,0,0,0,0],[0,0,0,0,0,0,0,0,0,0,0,0,0,0,0,0,0,0,0,0,0,0,0,0],[1,2,3,4,5,6,7,8,9,10,11,12,13,14,15,16,17,18,19,20,21,22,0,0]]