[1,["65MOW2YFVG+5xJO2UhAyR5","7fkR76cG1GzaTMMkZPWkhZ","9eSiTfCixJlKD6X5+xhBQe","6feuk2vNRCJph/fLsdaymZ","77k3pUIshOtpHcB1AEuEjw","51DJDZKDlEuqlvDwTtiZ29","63hGC5sRpEZ7NUe/tx5uSs","14UGvdZYxAqqvLEUg6Rce3","eemsUYNcFLAJuPmeSomBe0","2cQ4w3gx9OKoVbSDZ3eAvL"],["value"],[["cc.AnimationClip",["_name","_duration","sample","wrapMode","curveData"],-1,11]],[[0,0,1,2,3,4,5]],[[0,"chuiZi",1,10,2,[{},"comps",11,[{},"cc.Sprite",11,[{},"spriteFrame",12,[[[{"frame":0},"value",6,0],[{"frame":0.1},"value",6,1],[{"frame":0.2},"value",6,2],[{"frame":0.3},"value",6,3],[{"frame":0.4},"value",6,4],[{"frame":0.5},"value",6,5],[{"frame":0.6},"value",6,6],[{"frame":0.7},"value",6,7],[{"frame":0.8},"value",6,8],[{"frame":0.9},"value",6,9]],11,11,11,11,11,11,11,11,11,11]]]]]],0,0,[0,0,0,0,0,0,0,0,0,0],[0,0,0,0,0,0,0,0,0,0],[0,1,2,3,4,5,6,7,8,9]]