[1,["85O1WmLdxM0b87ACqiQ7JU"],["_textureSetter"],["cc.SpriteFrame"],0,[[[{"name":"mon3move3","rect":[2,558,202,196],"offset":[0,0],"originalSize":[202,196],"capInsets":[0,0,0,0]}],[0],0,[0],[0],[0]],[[{"name":"mon3move7","rect":[621,360,202,196],"offset":[0,0],"originalSize":[202,196],"capInsets":[0,0,0,0]}],[0],0,[0],[0],[0]],[[{"name":"mon3move4","rect":[614,558,202,196],"offset":[0,0],"originalSize":[202,196],"capInsets":[0,0,0,0]}],[0],0,[0],[0],[0]],[[{"name":"mon3move2","rect":[417,360,202,196],"offset":[0,0],"originalSize":[202,196],"capInsets":[0,0,0,0]}],[0],0,[0],[0],[0]],[[{"name":"mon3move1","rect":[213,360,202,196],"offset":[0,0],"originalSize":[202,196],"capInsets":[0,0,0,0]}],[0],0,[0],[0],[0]],[[{"name":"mon3move6","rect":[410,558,202,196],"offset":[0,0],"originalSize":[202,196],"capInsets":[0,0,0,0]}],[0],0,[0],[0],[0]],[[{"name":"mon3move5","rect":[206,558,202,196],"offset":[0,0],"originalSize":[202,196],"capInsets":[0,0,0,0]}],[0],0,[0],[0],[0]]]]