[1,["b8mSm8xxFCwbndpR2TMuOT","ab3R1rENNMqZOloocM5Yh7","633dra3ZJAFqcQblCNt5ed","2ed/ZJ+oFD/rte1BkdJdKw","35cnWloc1K7ZDdtyYF0/h6","17TCpFJWRI+LTvvXflfz0S","202xh7rH5DMarutDjA8zS8","40MPN8xKFDRY2GMVYVILoA","f9RG1DVWxN8qLtYZ3/IfTE","dc18uCL6VNcrWrSx5uQAdp","38l2945SVHQ4xrJsIbNnvK","15hep+/+BNsLA+FiryvcP1","08idCz2wNDdqfiwsS1MDd2","41kYpSzFVGUpta9hn4qlS4"],["value","_textureSetter"],["cc.SpriteFrame",["cc.AnimationClip",["_name","_duration","events","curveData"],0,11]],[[1,0,1,2,3,4]],[[[{"name":"02","rect":[25,93,391,337],"offset":[6.5,-38.5],"originalSize":[428,446],"capInsets":[0,0,0,0]}],[0],0,[0],[1],[1]],[[{"name":"03","rect":[3,58,422,365],"offset":[0,-17.5],"originalSize":[428,446],"capInsets":[0,0,0,0]}],[0],0,[0],[1],[2]],[[{"name":"07","rect":[25,2,350,216],"offset":[-14,113],"originalSize":[428,446],"capInsets":[0,0,0,0]}],[0],0,[0],[1],[3]],[[{"name":"04","rect":[73,34,293,302],"offset":[5.5,38],"originalSize":[428,446],"capInsets":[0,0,0,0]}],[0],0,[0],[1],[4]],[[[0,"bombeffect",0.75,[{"frame":0.13333333333333333,"func":"bombFinish","params":[]}],[{},"paths",11,[{"00a":{"props":{"active":[{"frame":0,"value":false},{"frame":0.25,"value":true},{"frame":0.75,"value":false}],"x":[{"frame":0.25,"value":-70},{"frame":0.4166666666666667,"value":-103},{"frame":0.75,"value":-127}],"opacity":[{"frame":0.25,"value":255},{"frame":0.75,"value":100}]}},"00":{"props":{"active":[{"frame":0,"value":false},{"frame":0.25,"value":true},{"frame":0.6666666666666666,"value":false}],"x":[{"frame":0.25,"value":50},{"frame":0.4166666666666667,"value":75},{"frame":0.6666666666666666,"value":127}],"opacity":[{"frame":0.25,"value":255},{"frame":0.6666666666666666,"value":50}]}},"light":{"props":{"opacity":[{"frame":0,"value":0},{"frame":0.08333333333333333,"value":100},{"frame":0.3333333333333333,"value":0}]}}},"01",11,[{"props":{"active":[{"frame":0,"value":false},{"frame":0.08333333333333333,"value":true},{"frame":0.6666666666666666,"value":false}]}},"comps",11,[{},"cc.Sprite",11,[{},"spriteFrame",12,[[[{"frame":0},"value",6,0],[{"frame":0.08333333333333333},"value",6,1],[{"frame":0.16666666666666666},"value",6,2],[{"frame":0.25},"value",6,3],[{"frame":0.3333333333333333},"value",6,4],[{"frame":0.4166666666666667},"value",6,5],[{"frame":0.5},"value",6,6],[{"frame":0.5833333333333334},"value",6,7]],11,11,11,11,11,11,11,11]]]]]]]],0,0,[0,0,0,0,0,0,0,0],[0,0,0,0,0,0,0,0],[0,0,5,6,7,8,9,10]],[[{"name":"01","rect":[69,171,309,248],"offset":[9.5,-72],"originalSize":[428,446],"capInsets":[0,0,0,0]}],[0],0,[0],[1],[11]],[[{"name":"06","rect":[27,7,347,232],"offset":[-13.5,100],"originalSize":[428,446],"capInsets":[0,0,0,0]}],[0],0,[0],[1],[12]],[[{"name":"05","rect":[41,19,334,249],"offset":[-6,79.5],"originalSize":[428,446],"capInsets":[0,0,0,0]}],[0],0,[0],[1],[13]]]]