[1,["d551ifOw9GuqUAC7dpbI3C"],["_textureSetter"],["cc.SpriteFrame"],0,[[[{"name":"2","rect":[244,0,122,120],"offset":[0,0],"originalSize":[122,120],"capInsets":[0,0,0,0]}],[0],0,[0],[0],[0]],[[{"name":"6","rect":[244,120,122,120],"offset":[0,0],"originalSize":[122,120],"capInsets":[0,0,0,0]}],[0],0,[0],[0],[0]],[[{"name":"0","rect":[0,0,122,120],"offset":[0,0],"originalSize":[122,120],"capInsets":[0,0,0,0]}],[0],0,[0],[0],[0]],[[{"name":"5","rect":[122,120,122,120],"offset":[0,0],"originalSize":[122,120],"capInsets":[0,0,0,0]}],[0],0,[0],[0],[0]],[[{"name":"1","rect":[122,0,122,120],"offset":[0,0],"originalSize":[122,120],"capInsets":[0,0,0,0]}],[0],0,[0],[0],[0]],[[{"name":"4","rect":[0,120,122,120],"offset":[0,0],"originalSize":[122,120],"capInsets":[0,0,0,0]}],[0],0,[0],[0],[0]],[[{"name":"3","rect":[366,0,122,120],"offset":[0,0],"originalSize":[122,120],"capInsets":[0,0,0,0]}],[0],0,[0],[0],[0]]]]