[1,["fbzXaqW6xBLLCLktcO7DHw"],["_textureSetter"],["cc.SpriteFrame"],0,[[[{"name":"mon1stand5","rect":[362,98,72,96],"offset":[0,0],"originalSize":[72,96],"capInsets":[0,0,0,0]}],[0],0,[0],[0],[0]],[[{"name":"mon1stand3","rect":[218,98,72,96],"offset":[0,0],"originalSize":[72,96],"capInsets":[0,0,0,0]}],[0],0,[0],[0],[0]],[[{"name":"mon1stand4","rect":[290,98,72,96],"offset":[0,0],"originalSize":[72,96],"capInsets":[0,0,0,0]}],[0],0,[0],[0],[0]],[[{"name":"mon1stand6","rect":[434,98,72,96],"offset":[0,0],"originalSize":[72,96],"capInsets":[0,0,0,0]}],[0],0,[0],[0],[0]],[[{"name":"mon1stand1","rect":[74,98,72,96],"offset":[0,0],"originalSize":[72,96],"capInsets":[0,0,0,0]}],[0],0,[0],[0],[0]],[[{"name":"mon1stand2","rect":[146,98,72,96],"offset":[0,0],"originalSize":[72,96],"capInsets":[0,0,0,0]}],[0],0,[0],[0],[0]]]]