[1,["8aG0CACcNINKYqYwQTk1mL"],["_textureSetter"],["cc.SpriteFrame"],0,[[[{"name":"close2","rect":[685,151,40,40],"offset":[0,0],"originalSize":[40,40],"capInsets":[0,0,0,0]}],[0],0,[0],[0],[0]],[[{"name":"btnlookvideo","rect":[316,813,419,179],"offset":[0,0],"originalSize":[419,179],"capInsets":[0,0,0,0]}],[0],0,[0],[0],[0]],[[{"name":"boom_desc","rect":[1,1,733,148],"offset":[0,0],"originalSize":[733,148],"capInsets":[0,0,0,0]}],[0],0,[0],[0],[0]],[[{"name":"btnlook","rect":[316,261,425,183],"offset":[0,0],"originalSize":[425,183],"capInsets":[0,0,0,0]}],[0],0,[0],[0],[0]],[[{"name":"buy","rect":[316,629,419,182],"offset":[0,0],"originalSize":[419,182],"capInsets":[0,0,0,0]}],[0],0,[0],[0],[0]],[[{"name":"bg_kuang","rect":[1,261,642,313],"offset":[-101,-226],"originalSize":[844,765],"rotated":1,"capInsets":[121,108,172,123]}],[0],0,[0],[0],[0]],[[{"name":"tool_title","rect":[1,151,682,108],"offset":[0,0],"originalSize":[682,108],"capInsets":[0,0,0,0]}],[0],0,[0],[0],[0]]]]