[1,["70Q+PBbf1CXpB70EKKkRhG","a6o5aIwExC1oYadvgksgbL"],["node","root","data","_spriteFrame","_defaultClip"],[["cc.Prefab",["_name"],2],["cc.Node",["_name","_components","_prefab","_contentSize"],2,9,4,5],["cc.Sprite",["node","_spriteFrame"],3,1,6],["cc.Animation",["playOnLoad","node","_clips","_defaultClip"],2,1,3,6],["cc.PrefabInfo",["fileId","root"],2,1],["cc.AnimationClip",["_name","_duration","curveData"],0]],[[0,0,2],[1,0,1,2,3,2],[2,0,1,1],[3,0,1,2,3,2],[4,0,1,2],[5,0,1,2,4]],[[[[0,"colorSpr"],[1,"colorSpr",[[2,-2,0],[3,true,-3,[2],1]],[4,"84OLkA62xNJqgPnpK8JtlW",-1],[5,100,100]]],0,[0,1,1,0,0,1,0,0,1,0,2,1,3],[0,0,0],[3,4,-1],[1,0,0]],[[[5,"block_scaleanim",0.5,{"props":{"scaleX":[{"frame":0,"value":1},{"frame":0.08333333333333333,"value":1.1},{"frame":0.2,"value":0.9},{"frame":0.3333333333333333,"value":1.1},{"frame":0.5,"value":1}],"scaleY":[{"frame":0,"value":1},{"frame":0.08333333333333333,"value":0.8},{"frame":0.2,"value":1.1},{"frame":0.3333333333333333,"value":0.9},{"frame":0.5,"value":1}]}}]],0,0,[],[],[]]]]