[1,["88MZtaxH1GJ7PpBCfaLW+Q"],["_textureSetter"],["cc.SpriteFrame"],0,[[[{"name":"mon2move5","rect":[120,119,120,119],"offset":[0,0],"originalSize":[120,119],"capInsets":[0,0,0,0]}],[0],0,[0],[0],[0]],[[{"name":"mon2move4","rect":[0,119,120,119],"offset":[0,0],"originalSize":[120,119],"capInsets":[0,0,0,0]}],[0],0,[0],[0],[0]],[[{"name":"mon2move1","rect":[108,0,120,119],"offset":[0,0],"originalSize":[120,119],"capInsets":[0,0,0,0]}],[0],0,[0],[0],[0]],[[{"name":"mon2move2","rect":[228,0,120,119],"offset":[0,0],"originalSize":[120,119],"capInsets":[0,0,0,0]}],[0],0,[0],[0],[0]],[[{"name":"mon2move3","rect":[348,0,120,119],"offset":[0,0],"originalSize":[120,119],"capInsets":[0,0,0,0]}],[0],0,[0],[0],[0]]]]