[1,["58OmCOkTpBeoQyxPQt70J7","76w6ZRBRBKZq7a25965H3S","c4+DKxrcdGLqA5DTaTpUWQ","24mmSGnZROirPHnQ1p9qhR","c5XI5jzclAdb47GF0CoH7T","afRwIzdNlKE57cRV5yfvR2","ceiQxg8ClMcofGVoFpjlKh","35ePQz90NBy50JX3KR26IJ","730M7aSVlM+IjNKetaJUL0","198gUBV4FP+6wjatUYF5Rp","e0NlgMmJRMJrJsy4ByyDxX","e8qyo2X79GPbsnYOQOOkdG","abs6JhGKdJc7BLXDVPlFn2","5fH2tDeKZA+ok97HRWRWza","33kP17WbdLDJ5TSeVEbbL/","6eBWFz0oVHPLIGQKf/9Thu","abXvzbz11DnJkdD33R6t7a","5445sdkBtAMLjuE/Ed9MOQ","9008p98xhJT74B2N2NXwRF","d6ZMBQNzxN4ad7wGuDzIO6","a8b3WZI8xMDKecf7d105KB","5cRYmtANpJBqKkGMaK+NCN","10sgNK7BlAd6DszKk0GDb9","23Fr8rrUFBtYd2OyQx9EvF"],["_textureSetter"],["cc.SpriteFrame",["cc.AnimationClip",["_name","_duration","wrapMode","events","curveData"],-1,11],["cc.ParticleAsset",["_name","_native"],1],["cc.AnimationClip",["_name","_duration","wrapMode","curveData"],-1]],[[1,0,1,4,3],[2,0,1,3],[1,0,1,2,4,4],[1,0,1,3,4,4],[3,0,1,2,3,5]],[[[{"name":"bg1","rect":[0,0,720,1680],"offset":[0,0],"originalSize":[720,1680],"capInsets":[0,0,0,0]}],[0],0,[0],[0],[0]],[[{"name":"getshare_box","rect":[13,12,326,307],"offset":[-0.5,-2],"originalSize":[353,327],"capInsets":[0,0,0,0]}],[0],0,[0],[0],[1]],[[[1,"caidai",".plist"],-1],0,0,[],[],[]],[[{"name":"close","rect":[0,0,48,49],"offset":[0,0],"originalSize":[48,49],"capInsets":[0,0,0,0]}],[0],0,[0],[0],[2]],[[{"name":"bg2","rect":[0,0,720,1680],"offset":[0,0],"originalSize":[720,1680],"capInsets":[0,0,0,0]}],[0],0,[0],[0],[3]],[[{"name":"doublescore","rect":[13,25,123,104],"offset":[-0.5,1.5],"originalSize":[150,157],"capInsets":[0,0,0,0]}],[0],0,[0],[0],[4]],[[{"name":"get_light","rect":[95,94,890,890],"offset":[0,0],"originalSize":[1080,1078],"capInsets":[0,0,0,0]}],[0],0,[0],[0],[5]],[[{"name":"guidetext1","rect":[0,0,632,136],"offset":[0,0],"originalSize":[632,136],"capInsets":[0,0,0,0]}],[0],0,[0],[0],[6]],[[{"name":"skysun","rect":[0,0,1080,730],"offset":[0,33.5],"originalSize":[1080,797],"capInsets":[0,0,0,0]}],[0],0,[0],[0],[7]],[[{"name":"star2","rect":[0,0,107,106],"offset":[0,0],"originalSize":[107,106],"capInsets":[0,0,0,0]}],[0],0,[0],[0],[8]],[[{"name":"reLiveBtn","rect":[0,0,892,195],"offset":[0,0],"originalSize":[892,195],"capInsets":[0,0,0,0]}],[0],0,[0],[0],[9]],[[[2,"awardAction",2.0166666666666666,2,[{},"props",11,[{},"scale",12,[[[{"frame":0},"value",8,[0,1,1]],[{"frame":0.9833333333333333},"value",8,[0,1.2,1.2]],[{"frame":2.0166666666666666},"value",8,[0,1,1]]],11,11,11]]]]],0,0,[],[],[]],[[{"name":"notbad","rect":[3,6,292,78],"offset":[-1,0.5],"originalSize":[300,91],"capInsets":[0,0,0,0]}],[0],0,[0],[0],[10]],[[[4,"light_action",4.5,2,{"props":{"angle":[{"frame":0,"value":0},{"frame":4.5,"value":-359}]}}]],0,0,[],[],[]],[[{"name":"btn_getaward","rect":[0,0,257,89],"offset":[0,0],"originalSize":[257,89],"capInsets":[0,0,0,0]}],[0],0,[0],[0],[11]],[[{"name":"skynight2","rect":[0,0,1080,730],"offset":[0,69],"originalSize":[1080,868],"capInsets":[0,0,0,0]}],[0],0,[0],[0],[12]],[[{"name":"skin_title","rect":[0,0,225,117],"offset":[0,0],"originalSize":[225,117],"capInsets":[0,0,0,0]}],[0],0,[0],[0],[13]],[[{"name":"star3","rect":[0,0,107,106],"offset":[0,0],"originalSize":[107,106],"capInsets":[0,0,0,0]}],[0],0,[0],[0],[14]],[[{"name":"default_sprite","rect":[0,2,40,36],"offset":[0,0],"originalSize":[40,40],"capInsets":[0,0,0,0]}],[0],0,[0],[0],[15]],[[{"name":"dogood","rect":[13,12,282,67],"offset":[4,-3],"originalSize":[300,85],"capInsets":[0,0,0,0]}],[0],0,[0],[0],[16]],[[{"name":"share_getaward","rect":[0,0,257,89],"offset":[0,0],"originalSize":[257,89],"capInsets":[0,0,0,0]}],[0],0,[0],[0],[17]],[[{"name":"boss_come","rect":[1,12,648,133],"offset":[-2,7],"originalSize":[654,171],"capInsets":[0,0,0,0]}],[0],0,[0],[0],[18]],[[{"name":"star1","rect":[0,0,107,106],"offset":[0,0],"originalSize":[107,106],"capInsets":[0,0,0,0]}],[0],0,[0],[0],[19]],[[[0,"anim_show",0.8,[{},"props",11,[{},"scale",12,[[[{"frame":0,"curve":"quintIn"},"value",8,[0,0,0]],[{"frame":0.45},"value",8,[0,2,2]],[{"frame":0.6333333333333333},"value",8,[0,1.5,1.5]],[{"frame":0.8},"value",8,[0,1.8,1.8]]],11,11,11,11]]]]],0,0,[],[],[]],[[[3,"bubbleanim",2.35,[{"frame":2.2666666666666666,"func":"talkFinish","params":[]}],[{"paths":{}},"props",11,[{"opacity":[{"frame":0,"value":0},{"frame":0.25,"value":255},{"frame":2.283333333333333,"value":255},{"frame":2.35,"value":0}]},"scale",12,[[[{"frame":0},"value",8,[0,0,0]],[{"frame":0.25},"value",8,[0,0.5,0.5]],[{"frame":2.2666666666666666},"value",8,[0,0.5,0.5]]],11,11,11]]]]],0,0,[],[],[]],[[{"name":"star4","rect":[0,0,107,106],"offset":[0,0],"originalSize":[107,106],"capInsets":[0,0,0,0]}],[0],0,[0],[0],[20]],[[[0,"playstep",0.4166666666666667,[{},"props",11,[{"opacity":[{"frame":0,"value":0,"curve":"quartIn"},{"frame":0.4166666666666667,"value":255}]},"scale",12,[[[{"frame":0,"curve":"quartIn"},"value",8,[0,4,4]],[{"frame":0.4166666666666667},"value",8,[0,1,1]]],11,11]]]]],0,0,[],[],[]],[[{"name":"shouzhi1","rect":[0,0,93,111],"offset":[0,0],"originalSize":[93,111],"capInsets":[0,0,0,0]}],[0],0,[0],[0],[21]],[[{"name":"goodjob","rect":[9,22,291,74],"offset":[4.5,-6],"originalSize":[300,106],"capInsets":[0,0,0,0]}],[0],0,[0],[0],[22]],[[{"name":"doublescore","rect":[0,0,219,39],"offset":[0,0],"originalSize":[219,39],"capInsets":[0,0,0,0]}],[0],0,[0],[0],[23]]]]