[1,["9cQr5fvVBO8b0l8QMlqN3p","30p7s3GBVPeLfclJKrh9sc","8eW2qvZNxFjb+gxHUPuXf/","fcJgsRg+lGBq9BTLarJfyc","e9J+a9DX9Bca9D4Q26hg7j","750HKQ1llEFa8HTRcjdUNv","58pYxzZhFFf6cY6CDqKnpE","05Wjku8y5Dj4oc7sTeiuis","3f8qsgxZFLsInvaN6Wzac7","0ey/eszwZLQKauPnW475bD","00fiEFGT9EYKQpONctjhn1","6f3WfFzG5FnpXAGuWPUFUb","a3/RuhgCBFy46y2QFdvY5J","51uQiMI/NFPYgqjCh9k1xB","a3aRn2RLBOs6CqtuJdwlmo","42Oa49BqtCA4GuZQYIFb90","4eRv1Eol1FbpcNMDFScIUJ","b3R6B0cONPornRT+Y2SGPv","e8zBU9QyZPQr0bFWOWwXEm","b2A3mCkaBL1pzdT4czpK+Q","69ebLAj69HAJlcLE2U4RRG","29ROQwm+REyKZ5q3EJl6XM","40BlxyS2dO65MgZZxClnw3","0dReElEldMa5gHe3usqT1h","2dSmFHHsdKt41bGAJ8aUP0","95b4bWG/RFdrWwzpqDs4Ik","98WlF5HPNIdp5zRo4ZxCsU","a6o5aIwExC1oYadvgksgbL","b2guMEAJtCvZC/lL1fS+aN","absC20agRKO50lkJ6Dy/Oe","9byCdsnB5EtoinrznYScQc","0bB3auGHRJw75iGLrVND/Z"],["_textureSetter","block1","block2","block3","block4","block_bg","block_bg2","block_bian1","block_bian2","block_bian3","block_bian4","block_bright","block_di1","block_di2","block_di3","block_di4","block_monster1","block_monster2","block_monster3","block_monster4","block_star1","block_star2","block_star3","block_star4","block_subbg","blood_progress","blood_progress_bg","boom_block","bubble1_bg","mon_stand","rock","solider"],["cc.SpriteFrame",["cc.SpriteAtlas",["_name","_spriteFrames"],2,11]],[[1,0,1,2]],[[[{"name":"block_bian4","rect":[645,237,104,114],"offset":[0,0],"originalSize":[104,114],"capInsets":[0,0,0,0]}],[0],0,[0],[0],[0]],[[{"name":"block_bian1","rect":[538,120,104,114],"offset":[0,0],"originalSize":[104,114],"capInsets":[0,0,0,0]}],[0],0,[0],[0],[0]],[[{"name":"solider","rect":[262,3,100,100],"offset":[0,0],"originalSize":[100,100],"capInsets":[0,0,0,0]}],[0],0,[0],[0],[0]],[[{"name":"block_star4","rect":[110,120,104,114],"offset":[0,0],"originalSize":[104,114],"capInsets":[0,0,0,0]}],[0],0,[0],[0],[0]],[[{"name":"block_bian3","rect":[538,237,104,114],"offset":[0,0],"originalSize":[104,114],"capInsets":[0,0,0,0]}],[0],0,[0],[0],[0]],[[{"name":"block_star2","rect":[793,3,104,114],"offset":[0,0],"originalSize":[104,114],"capInsets":[0,0,0,0]}],[0],0,[0],[0],[0]],[[{"name":"block_subbg","rect":[56,3,100,99],"offset":[0,0],"originalSize":[100,99],"capInsets":[0,0,0,0]}],[0],0,[0],[0],[0]],[[{"name":"block1","rect":[472,3,104,114],"offset":[0,0],"originalSize":[104,114],"capInsets":[0,0,0,0]}],[0],0,[0],[0],[0]],[[{"name":"block_bian2","rect":[645,120,104,114],"offset":[0,0],"originalSize":[104,114],"capInsets":[0,0,0,0]}],[0],0,[0],[0],[0]],[[{"name":"block_star3","rect":[324,120,104,114],"offset":[0,0],"originalSize":[104,114],"capInsets":[0,0,0,0]}],[0],0,[0],[0],[0]],[[{"name":"block_di4","rect":[217,120,104,114],"offset":[0,0],"originalSize":[104,114],"capInsets":[0,0,0,0]}],[0],0,[0],[0],[0]],[[{"name":"block_monster1","rect":[431,120,104,114],"offset":[0,0],"originalSize":[104,114],"capInsets":[0,0,0,0]}],[0],0,[0],[0],[0]],[[{"name":"block_di2","rect":[217,237,104,114],"offset":[0,0],"originalSize":[104,114],"capInsets":[0,0,0,0]}],[0],0,[0],[0],[0]],[[{"name":"block_bg2","rect":[752,237,107,117],"offset":[0,0],"originalSize":[107,117],"capInsets":[0,0,0,0]}],[0],0,[0],[0],[0]],[[{"name":"block_star1","rect":[3,120,104,114],"offset":[0,0],"originalSize":[104,114],"capInsets":[0,0,0,0]}],[0],0,[0],[0],[0]],[[{"name":"block2","rect":[859,120,104,114],"offset":[0,0],"originalSize":[104,114],"capInsets":[0,0,0,0]}],[0],0,[0],[0],[0]],[[{"name":"blood_progress","rect":[199,357,298,32],"offset":[0,0],"originalSize":[298,32],"capInsets":[128,16,130,16]}],[0],0,[0],[0],[0]],[[{"name":"blood_progress_bg","rect":[500,357,298,32],"offset":[0,0],"originalSize":[298,32],"capInsets":[90,15,108,16]}],[0],0,[0],[0],[0]],[[{"name":"block_di3","rect":[110,237,104,114],"offset":[0,0],"originalSize":[104,114],"capInsets":[0,0,0,0]}],[0],0,[0],[0],[0]],[[{"name":"block_di1","rect":[324,237,104,114],"offset":[0,0],"originalSize":[104,114],"capInsets":[0,0,0,0]}],[0],0,[0],[0],[0]],[[{"name":"mon_stand","rect":[3,357,193,51],"offset":[0,0],"originalSize":[193,51],"capInsets":[0,0,0,0]}],[0],0,[0],[0],[0]],[[[0,"block.plist",[{},"block1",6,0,"block2",6,1,"block3",6,2,"block4",6,3,"block_bg",6,4,"block_bg2",6,5,"block_bian1",6,6,"block_bian2",6,7,"block_bian3",6,8,"block_bian4",6,9,"block_bright",6,10,"block_di1",6,11,"block_di2",6,12,"block_di3",6,13,"block_di4",6,14,"block_monster1",6,15,"block_monster2",6,16,"block_monster3",6,17,"block_monster4",6,18,"block_star1",6,19,"block_star2",6,20,"block_star3",6,21,"block_star4",6,22,"block_subbg",6,23,"blood_progress",6,24,"blood_progress_bg",6,25,"boom_block",6,26,"bubble1_bg",6,27,"mon_stand",6,28,"rock",6,29,"solider",6,30]]],0,0,[0,0,0,0,0,0,0,0,0,0,0,0,0,0,0,0,0,0,0,0,0,0,0,0,0,0,0,0,0,0,0],[1,2,3,4,5,6,7,8,9,10,11,12,13,14,15,16,17,18,19,20,21,22,23,24,25,26,27,28,29,30,31],[1,2,3,4,5,6,7,8,9,10,11,12,13,14,15,16,17,18,19,20,21,22,23,24,25,26,27,28,29,30,31]],[[{"name":"block_monster4","rect":[579,3,104,114],"offset":[0,0],"originalSize":[104,114],"capInsets":[0,0,0,0]}],[0],0,[0],[0],[0]],[[{"name":"bubble1_bg","rect":[3,411,315,187],"offset":[0,0],"originalSize":[315,187],"capInsets":[106,52,105,72]}],[0],0,[0],[0],[0]],[[{"name":"block_monster2","rect":[686,3,104,114],"offset":[0,0],"originalSize":[104,114],"capInsets":[0,0,0,0]}],[0],0,[0],[0],[0]],[[{"name":"block_monster3","rect":[365,3,104,114],"offset":[0,0],"originalSize":[104,114],"capInsets":[0,0,0,0]}],[0],0,[0],[0],[0]],[[{"name":"block4","rect":[752,120,104,114],"offset":[0,0],"originalSize":[104,114],"capInsets":[0,0,0,0]}],[0],0,[0],[0],[0]],[[{"name":"block3","rect":[3,237,104,114],"offset":[0,0],"originalSize":[104,114],"capInsets":[0,0,0,0]}],[0],0,[0],[0],[0]]]]