[1,["ecpdLyjvZBwrvm+cedCcQy","db0W8t2BZBIKWI04u91wu6"],["node","root","data","_defaultClip"],[["cc.Node",["_name","_active","_prefab","_components","_parent","_children","_contentSize","_trs"],1,4,9,1,2,5,7],["cc.PrefabInfo",["fileId","root","asset"],2,1,1],["cc.Prefab",["_name"],2],["cc.Animation",["playOnLoad","node","_clips","_defaultClip"],2,1,3,6],["cc.Sprite",["node","_materials"],3,1,3],["cc.AnimationClip",["_name","_duration","curveData"],1,11]],[[1,0,1,2,2],[4,0,1,1],[0,0,4,3,2,6,7,2],[0,0,4,3,2,6,2],[0,0,1,4,5,2,3],[2,0,2],[0,0,5,3,2,2],[3,0,1,2,3,2],[1,1,2,1],[5,0,1,2,3]],[[[[5,"popEliminateScore"],[6,"popEliminateScore",[-3,-4,-5,-6,-7,-8],[[7,true,-2,[22],21]],[8,-1,0]],[4,"120",false,1,[-9,-10,-11,-12],[0,"12VR8utY1HLpQ6IxjPzfHu",1,0]],[4,"200",false,1,[-13,-14,-15,-16],[0,"823pXtny5NMKnZ4wOh0f7S",1,0]],[4,"600",false,1,[-17,-18,-19,-20],[0,"f1/vbnBX1I3rYA1MZ1ItUx",1,0]],[4,"10",false,1,[-21,-22,-23],[0,"d7boV94FZEJbkW+r5Ddb6V",1,0]],[4,"20",false,1,[-24,-25,-26],[0,"d8ARCMnglM25pVi8/jZHEm",1,0]],[4,"60",false,1,[-27,-28,-29],[0,"2cfpBf5L1GYZPilt5WDa5N",1,0]],[3,"numdi",5,[[1,-30,[0]]],[0,"529TShc6VMlrT+oyE2zul8",1,0],[5,283,229]],[2,"1",5,[[1,-31,[1]]],[0,"cfh3C6rVFJ84qaLmoDC0iU",1,0],[5,80,80],[-18,0,0,0,0,0,1,1,1,1]],[2,"0",5,[[1,-32,[2]]],[0,"36yAvIoyZCypLDSTCylSIX",1,0],[5,80,80],[18,0,0,0,0,0,1,1,1,1]],[3,"numdi",6,[[1,-33,[3]]],[0,"02uxNpxRZCSa+94t6fyD86",1,0],[5,283,229]],[2,"2",6,[[1,-34,[4]]],[0,"5eAnmEiABEOZkR/Nocpxwd",1,0],[5,80,80],[-22,0,0,0,0,0,1,1,1,1]],[2,"0",6,[[1,-35,[5]]],[0,"72IOJ4W3VBNKLz8MJeLcHg",1,0],[5,80,80],[22,0,0,0,0,0,1,1,1,1]],[3,"numdi",7,[[1,-36,[6]]],[0,"b4alD4ZsxHR5xNxsBS0RXf",1,0],[5,283,229]],[2,"6",7,[[1,-37,[7]]],[0,"71W3koPM5AoqbVldmq7tUd",1,0],[5,80,80],[-22,0,0,0,0,0,1,1,1,1]],[2,"0",7,[[1,-38,[8]]],[0,"a3hhR9w+FI8a5GPiUD5bRX",1,0],[5,80,80],[22,0,0,0,0,0,1,1,1,1]],[3,"numdi",2,[[1,-39,[9]]],[0,"f5dmCaSdNMLo2v3NsosHTL",1,0],[5,283,229]],[2,"1",2,[[1,-40,[10]]],[0,"87TfJii39IBbFZdEpll9bv",1,0],[5,80,80],[-35,0,0,0,0,0,1,1,1,1]],[3,"2",2,[[1,-41,[11]]],[0,"199Tb65H5IMp4ugliKVbEx",1,0],[5,80,80]],[2,"0",2,[[1,-42,[12]]],[0,"e8WtClgcVLpZku7szTlQbO",1,0],[5,80,80],[42,0,0,0,0,0,1,1,1,1]],[3,"numdi",3,[[1,-43,[13]]],[0,"2aXKSB1vlF8rylrDKBBKhj",1,0],[5,283,229]],[2,"2",3,[[1,-44,[14]]],[0,"0fi3vgXzhNyJoWoOP7myee",1,0],[5,80,80],[-42,0,0,0,0,0,1,1,1,1]],[3,"0",3,[[1,-45,[15]]],[0,"f4Uce0delAmo67dNNN9878",1,0],[5,80,80]],[2,"0",3,[[1,-46,[16]]],[0,"b4PSGccc9AIbjtJZHpmb46",1,0],[5,80,80],[42,0,0,0,0,0,1,1,1,1]],[3,"numdi",4,[[1,-47,[17]]],[0,"36nOGjfJlJx5jsbha8wLmW",1,0],[5,283,229]],[2,"6",4,[[1,-48,[18]]],[0,"75sPvkkShCCpEkrxdAo5Ur",1,0],[5,80,80],[-42,0,0,0,0,0,1,1,1,1]],[3,"0",4,[[1,-49,[19]]],[0,"2fxuCAEoJOoJPKEhX9xTKj",1,0],[5,80,80]],[2,"0",4,[[1,-50,[20]]],[0,"f6ZnT+yyxMbKhPvznBwOKR",1,0],[5,80,80],[42,0,0,0,0,0,1,1,1,1]]],0,[0,1,1,0,0,1,0,-1,5,0,-2,6,0,-3,7,0,-4,2,0,-5,3,0,-6,4,0,-1,17,0,-2,18,0,-3,19,0,-4,20,0,-1,21,0,-2,22,0,-3,23,0,-4,24,0,-1,25,0,-2,26,0,-3,27,0,-4,28,0,-1,8,0,-2,9,0,-3,10,0,-1,11,0,-2,12,0,-3,13,0,-1,14,0,-2,15,0,-3,16,0,0,8,0,0,9,0,0,10,0,0,11,0,0,12,0,0,13,0,0,14,0,0,15,0,0,16,0,0,17,0,0,18,0,0,19,0,0,20,0,0,21,0,0,22,0,0,23,0,0,24,0,0,25,0,0,26,0,0,27,0,0,28,0,2,1,50],[0,0,0,0,0,0,0,0,0,0,0,0,0,0,0,0,0,0,0,0,0,0,0],[-1,-1,-1,-1,-1,-1,-1,-1,-1,-1,-1,-1,-1,-1,-1,-1,-1,-1,-1,-1,-1,3,-1],[0,0,0,0,0,0,0,0,0,0,0,0,0,0,0,0,0,0,0,0,0,1,1]],[[[9,"popEliminateScore",1,[{},"props",11,[{"opacity":[{"frame":0.6666666666666666,"value":255},{"frame":1,"value":0}]},"scale",12,[[[{"frame":0,"curve":[0.18,0.89,0.31,1.21]},"value",8,[1,0,0,1]],[{"frame":0.3333333333333333},"value",8,[1,1,1,1]]],11,11]]]]],0,0,[],[],[]]]]