[1,["68llWveHdDxKbDkaQk0x9y","84sDxPcKdFhqex1BEBulI2"],["_textureSetter","spriteFrame"],["cc.SpriteFrame",["cc.BitmapFont",["_name","fontSize","_fntConfig"],0]],[[1,0,1,2,4]],[[[{"name":"num_score_0","rect":[0,0,497,266],"offset":[-7.5,123],"originalSize":[512,512],"capInsets":[0,0,0,0]}],[0],0,[0],[0],[0]],[[[0,"num_score",32,{"commonHeight":32,"fontSize":32,"atlasName":"num_score_0.png","fontDefDictionary":{"48":{"xOffset":0,"yOffset":0,"xAdvance":86,"rect":{"x":267,"y":0,"width":86,"height":133}},"49":{"xOffset":0,"yOffset":0,"xAdvance":57,"rect":{"x":440,"y":0,"width":57,"height":130}},"50":{"xOffset":0,"yOffset":0,"xAdvance":87,"rect":{"x":0,"y":134,"width":87,"height":132}},"51":{"xOffset":0,"yOffset":0,"xAdvance":85,"rect":{"x":354,"y":0,"width":85,"height":133}},"52":{"xOffset":0,"yOffset":0,"xAdvance":92,"rect":{"x":174,"y":134,"width":92,"height":130}},"53":{"xOffset":0,"yOffset":0,"xAdvance":85,"rect":{"x":88,"y":134,"width":85,"height":131}},"54":{"xOffset":0,"yOffset":0,"xAdvance":88,"rect":{"x":0,"y":0,"width":88,"height":133}},"55":{"xOffset":0,"yOffset":0,"xAdvance":80,"rect":{"x":267,"y":134,"width":80,"height":130}},"56":{"xOffset":0,"yOffset":0,"xAdvance":88,"rect":{"x":89,"y":0,"width":88,"height":133}},"57":{"xOffset":0,"yOffset":0,"xAdvance":88,"rect":{"x":178,"y":0,"width":88,"height":133}}},"kerningDict":{}}]],0,0,[0],[1],[1]]]]