[1,["ecpdLyjvZBwrvm+cedCcQy","02Ry1bxONA8aTlKyhkhTby","bacP8POXZDrJyfMXJknj2U","ecEpa5x9NFEbchGTV3/jBe","96KswWTGlEOZbT1Ug4WcU1","02GKK7JutGg6jNG5fz/sbR","68Yke1vFxLQrAlszHmQ4Eu","ceOaRXZglOpqMAGtpt9yzE","51fJrvR/pAvpcMre7IaZBj","8dWHoG4h9C0qXIibsJ8Ouc","6d7KXGv8ZEk7ExVE0ZbZpl","a2MjXRFdtLlYQ5ouAFv/+R","1bhGB9SCJIjJr0gtHmI06r","d3XG/niTZIqL7ty9lkfu/m","94czwJXIBFcpyZFdRtSi95","05QTLSZmNGsbftLqf+5tCz","b7YGpJQXFLaa6P8F5upd4K","2aom53w9RKqI+4UR3kS1dj"],["_textureSetter","node","_spriteFrame","root","kOpacity","ksp","data"],["cc.SpriteFrame",["cc.Node",["_name","_opacity","_active","_components","_prefab","_contentSize","_parent","_children"],0,9,4,5,1,2],["cc.Sprite",["_sizeMode","_enabled","node","_materials","_spriteFrame"],1,1,3,6],["cc.PrefabInfo",["fileId","root","asset"],2,1,1],["cc.AnimationClip",["_name","_duration","curveData"],1,11],["cc.AnimationClip",["_name","_duration","curveData"],0],["dragonBones.DragonBonesAsset",["_name","_dragonBonesJson"],1],["cc.Prefab",["_name"],2],["cc.Node",["_name","_opacity","_parent","_components","_prefab","_contentSize"],1,1,2,4,5],["863e3cI9EFE1K37SfSFp0ME",["node","ksf","ksp","kOpacity"],3,1,3,1,1],["cc.Widget",["_alignFlags","_originalWidth","_originalHeight","node"],0,1],["cc.Button",["node","clickEvents"],3,1,9],["cc.ClickEvent",["_componentId","handler","target"],1,1]],[[5,0,1,2,4],[4,0,1,2,3],[6,0,1,3],[3,0,1,2,2],[7,0,2],[1,0,7,3,4,5,2],[1,0,1,6,3,4,5,3],[1,0,2,6,3,4,5,3],[8,0,1,2,3,4,5,3],[9,0,1,2,3,1],[3,1,2,1],[2,1,0,2,3,4,3],[2,0,2,3,2],[2,2,3,4,1],[10,0,1,2,3,4],[11,0,1,1],[12,0,1,2,3]],[[[[1,"effect_shake_hudie5",2.5,[{},"props",11,[{"position":[{"frame":0.5,"value":[64.467,-696.891,0]},{"frame":2.5,"value":[485.325,57.814,0]}],"opacity":[{"frame":0.5,"value":0},{"frame":0.6666666666666666,"value":255},{"frame":2.3333333333333335,"value":255},{"frame":2.5,"value":0}],"angle":[{"frame":0.5,"value":-29}]},"scale",12,[[[{"frame":0.5},"value",8,[1,1,1,1]],[{"frame":2.5},"value",8,[1,1.2,1.2,1]]],11,11]]]]],0,0,[],[],[]],[[[0,"effect_shake_luoye1",1.5,{"props":{"position":[{"frame":0,"value":[-256.553,715.786,0]},{"frame":1.5,"value":[-256.553,456.395,0]}],"opacity":[{"frame":0,"value":0},{"frame":0.16666666666666666,"value":255}],"angle":[{"frame":0,"value":0},{"frame":1.5,"value":45}]}}]],0,0,[],[],[]],[[[0,"effect_shake_luoye2",1.5,{"props":{"position":[{"frame":0,"value":[108.074,740.114,0]},{"frame":1.5,"value":[-0.876,461.57,0]}],"opacity":[{"frame":0,"value":0},{"frame":0.16666666666666666,"value":255}],"angle":[{"frame":0,"value":0},{"frame":1.5,"value":-90}]}}]],0,0,[],[],[]],[[{"name":"sp_ui_pause","rect":[0,0,95,88],"offset":[0,0],"originalSize":[95,88],"capInsets":[0,0,0,0]}],[0],0,[0],[0],[2]],[[[0,"effect_shake_4",1.0833333333333333,{"paths":{"luoye1":{"props":{"active":[{"frame":0,"value":false},{"frame":0.08333333333333333,"value":true}]}},"luoye2":{"props":{"active":[{"frame":0.6666666666666666,"value":false},{"frame":0.75,"value":true}]}},"luoye3":{"props":{"active":[{"frame":0.4166666666666667,"value":false},{"frame":0.5,"value":true}]}},"luoye4":{"props":{"active":[{"frame":1,"value":false},{"frame":1.0833333333333333,"value":true}]}},"luoye5":{"props":{"active":[{"frame":0.5833333333333334,"value":false},{"frame":0.6666666666666666,"value":true}]}}}}]],0,0,[],[],[]],[[{"name":"sp_score_bg","rect":[0,0,675,155],"offset":[0,0],"originalSize":[675,155],"capInsets":[0,0,0,0]}],[0],0,[0],[0],[3]],[[{"name":"prop_bomb","rect":[0,0,70,70],"offset":[0,0],"originalSize":[70,70],"capInsets":[0,0,0,0]}],[0],0,[0],[0],[4]],[[[2,"xindong_ske","{\"frameRate\":24,\"isGlobal\":0,\"armature\":[{\"aabb\":{\"width\":139,\"y\":-60.856406935952876,\"height\":122,\"x\":-69.7890565547523},\"type\":\"Armature\",\"bone\":[{\"name\":\"root\",\"transform\":{}},{\"length\":20,\"transform\":{\"skY\":-89.5797,\"y\":0.0491,\"skX\":-89.5797,\"x\":-0.3815},\"parent\":\"root\",\"name\":\"h7\"},{\"length\":18,\"transform\":{\"skY\":-71.9018,\"y\":0.1082,\"skX\":-71.9018,\"x\":-0.3302},\"parent\":\"root\",\"name\":\"h3\"},{\"length\":18,\"transform\":{\"skY\":-42.3575,\"y\":-0.1471,\"skX\":-42.3575,\"x\":-0.169},\"parent\":\"root\",\"name\":\"h6\"},{\"length\":19,\"transform\":{\"skY\":0.5846,\"y\":-0.1549,\"skX\":0.5846,\"x\":-0.2858},\"parent\":\"root\",\"name\":\"h5\"},{\"length\":15,\"transform\":{\"skY\":39.3287,\"y\":-0.1542,\"skX\":39.3287,\"x\":0.1423},\"parent\":\"root\",\"name\":\"h4\"},{\"length\":23,\"transform\":{\"skY\":50.533,\"y\":-0.0098,\"skX\":50.533,\"x\":-0.1429},\"parent\":\"root\",\"name\":\"h1\"},{\"length\":6,\"transform\":{\"skY\":124.958,\"y\":-5.4385,\"scX\":0.9247,\"scY\":0.9247,\"skX\":124.958,\"x\":-50.8777},\"parent\":\"root\",\"name\":\"h2\"},{\"length\":6,\"transform\":{\"skY\":124.958,\"y\":-5.4385,\"scX\":0.615,\"scY\":0.615,\"skX\":124.958,\"x\":48.7866},\"parent\":\"root\",\"name\":\"h21\"},{\"length\":6,\"transform\":{\"skY\":124.958,\"y\":27.514,\"scX\":0.7685,\"scY\":0.7685,\"skX\":124.958,\"x\":24.7078},\"parent\":\"root\",\"name\":\"h211\"},{\"length\":6,\"transform\":{\"skY\":124.958,\"y\":40.7146,\"scX\":0.8209,\"scY\":0.8209,\"skX\":124.958,\"x\":-16.8496},\"parent\":\"root\",\"name\":\"h2111\"},{\"length\":6,\"transform\":{\"skY\":124.958,\"y\":-43.8668,\"scX\":0.5912,\"scY\":0.5912,\"skX\":124.958,\"x\":-32.0058},\"parent\":\"root\",\"name\":\"h21111\"},{\"length\":6,\"transform\":{\"skY\":124.958,\"y\":-35.2646,\"scX\":1.0423,\"scY\":1.0423,\"skX\":124.958,\"x\":26.6224},\"parent\":\"root\",\"name\":\"h211111\"},{\"length\":6,\"transform\":{\"skY\":124.958,\"y\":-61.7609,\"scX\":0.4061,\"scY\":0.4061,\"skX\":124.958,\"x\":2.9513},\"parent\":\"root\",\"name\":\"h2111111\"}],\"defaultActions\":[{\"gotoAndPlay\":\"newAnimation\"}],\"slot\":[{\"color\":{},\"name\":\"h1\",\"parent\":\"h1\",\"displayIndex\":-1},{\"z\":1,\"color\":{},\"name\":\"h7\",\"parent\":\"h7\"},{\"z\":2,\"color\":{},\"name\":\"h4\",\"parent\":\"h4\",\"displayIndex\":-1},{\"z\":3,\"color\":{},\"name\":\"h3\",\"parent\":\"h3\",\"displayIndex\":-1},{\"z\":4,\"color\":{},\"name\":\"h2\",\"parent\":\"h2\",\"displayIndex\":-1},{\"z\":5,\"color\":{},\"name\":\"h6\",\"parent\":\"h6\",\"displayIndex\":-1},{\"z\":6,\"color\":{},\"name\":\"h5\",\"parent\":\"h5\",\"displayIndex\":-1},{\"z\":7,\"color\":{},\"name\":\"h21\",\"parent\":\"h21\",\"displayIndex\":-1},{\"z\":8,\"color\":{},\"name\":\"h211\",\"parent\":\"h211\",\"displayIndex\":-1},{\"z\":9,\"color\":{},\"name\":\"h2111\",\"parent\":\"h2111\",\"displayIndex\":-1},{\"z\":10,\"color\":{},\"name\":\"h21111\",\"parent\":\"h21111\",\"displayIndex\":-1},{\"z\":11,\"color\":{},\"name\":\"h211111\",\"parent\":\"h211111\",\"displayIndex\":-1},{\"z\":12,\"color\":{},\"name\":\"h2111111\",\"parent\":\"h2111111\",\"displayIndex\":-1}],\"skin\":[{\"name\":\"\",\"slot\":[{\"display\":[{\"path\":\"h2\",\"type\":\"image\",\"name\":\"h2\",\"transform\":{\"skY\":-124.958,\"y\":-0.1553,\"skX\":-124.958,\"x\":-0.0259}}],\"name\":\"h2111\"},{\"display\":[{\"path\":\"h2\",\"type\":\"image\",\"name\":\"h2\",\"transform\":{\"skY\":-124.958,\"y\":-0.1553,\"skX\":-124.958,\"x\":-0.0259}}],\"name\":\"h211111\"},{\"display\":[{\"path\":\"h2\",\"type\":\"image\",\"name\":\"h2\",\"transform\":{\"skY\":-124.958,\"y\":-0.1553,\"skX\":-124.958,\"x\":-0.0259}}],\"name\":\"h2\"},{\"display\":[{\"path\":\"h1\",\"type\":\"image\",\"name\":\"h1\",\"transform\":{\"skY\":-50.533,\"y\":-0.0068,\"skX\":-50.533,\"x\":0.0704}}],\"name\":\"h1\"},{\"display\":[{\"path\":\"h5\",\"type\":\"image\",\"name\":\"h5\",\"transform\":{\"skY\":-0.5846,\"y\":-0.042,\"skX\":-0.5846,\"x\":0.1392}}],\"name\":\"h5\"},{\"display\":[{\"path\":\"h4\",\"type\":\"image\",\"name\":\"h4\",\"transform\":{\"skY\":-39.3287,\"y\":0.2889,\"skX\":-39.3287,\"x\":0.3266}}],\"name\":\"h4\"},{\"display\":[{\"path\":\"h2\",\"type\":\"image\",\"name\":\"h2\",\"transform\":{\"skY\":-124.958,\"y\":-0.1553,\"skX\":-124.958,\"x\":-0.0259}}],\"name\":\"h211\"},{\"display\":[{\"path\":\"h2\",\"type\":\"image\",\"name\":\"h2\",\"transform\":{\"skY\":-124.958,\"y\":-0.1553,\"skX\":-124.958,\"x\":-0.0259}}],\"name\":\"h21111\"},{\"display\":[{\"path\":\"h3\",\"type\":\"image\",\"name\":\"h3\",\"transform\":{\"skY\":71.9018,\"y\":0.0433,\"skX\":71.9018,\"x\":-0.1356}}],\"name\":\"h3\"},{\"display\":[{\"path\":\"h2\",\"type\":\"image\",\"name\":\"h2\",\"transform\":{\"skY\":-124.958,\"y\":-0.1553,\"skX\":-124.958,\"x\":-0.0259}}],\"name\":\"h2111111\"},{\"display\":[{\"path\":\"h6\",\"type\":\"image\",\"name\":\"h6\",\"transform\":{\"skY\":42.3575,\"y\":-0.131,\"skX\":42.3575,\"x\":-0.0181}}],\"name\":\"h6\"},{\"display\":[{\"path\":\"h2\",\"type\":\"image\",\"name\":\"h2\",\"transform\":{\"skY\":-124.958,\"y\":-0.1553,\"skX\":-124.958,\"x\":-0.0259}}],\"name\":\"h21\"},{\"display\":[{\"path\":\"h7\",\"type\":\"image\",\"name\":\"h7\",\"transform\":{\"skY\":89.5797,\"y\":0.0931,\"skX\":89.5797,\"x\":-0.0939}}],\"name\":\"h7\"}]}],\"animation\":[{\"ffd\":[],\"frame\":[],\"ik\":[],\"bone\":[{\"frame\":[{\"duration\":23,\"transform\":{}}],\"name\":\"root\"},{\"frame\":[{\"duration\":2,\"transform\":{},\"tweenEasing\":0},{\"duration\":8,\"transform\":{\"scX\":1.1086,\"scY\":1.1086},\"tweenEasing\":0},{\"duration\":6,\"transform\":{\"scX\":1.1086,\"scY\":1.1086},\"tweenEasing\":0},{\"duration\":7,\"transform\":{\"scX\":0.9251,\"scY\":0.9251}}],\"name\":\"h7\"},{\"frame\":[{\"duration\":2,\"transform\":{}},{\"duration\":3,\"transform\":{\"scX\":1.1206,\"scY\":1.1206},\"tweenEasing\":0},{\"duration\":3,\"transform\":{\"scX\":1.3916,\"scY\":1.3916},\"tweenEasing\":0},{\"duration\":6,\"transform\":{\"scX\":1.3916,\"scY\":1.3916},\"tweenEasing\":0},{\"duration\":9,\"transform\":{\"scX\":1.0664,\"scY\":1.0664}}],\"name\":\"h3\"},{\"frame\":[{\"duration\":3,\"transform\":{}},{\"duration\":6,\"transform\":{},\"tweenEasing\":0},{\"duration\":14,\"transform\":{\"scX\":1.6213,\"scY\":1.6213},\"tweenEasing\":0},{\"duration\":0,\"transform\":{\"scX\":2.3269,\"scY\":2.3269}}],\"name\":\"h6\"},{\"frame\":[{\"duration\":9,\"transform\":{}},{\"duration\":6,\"transform\":{},\"tweenEasing\":0},{\"duration\":8,\"transform\":{\"scX\":1.3354,\"scY\":1.3354}}],\"name\":\"h5\"},{\"frame\":[{\"duration\":6,\"transform\":{}},{\"duration\":17,\"transform\":{\"scX\":1.4179,\"scY\":1.4179}}],\"name\":\"h4\"},{\"frame\":[{\"duration\":2,\"transform\":{}},{\"duration\":4,\"transform\":{\"scX\":1.3006,\"scY\":1.3006},\"tweenEasing\":0},{\"duration\":17,\"transform\":{\"scX\":1.46,\"scY\":1.46}}],\"name\":\"h1\"},{\"frame\":[{\"duration\":8,\"transform\":{}},{\"duration\":10,\"transform\":{\"scX\":1.4719,\"scY\":1.4719},\"tweenEasing\":0},{\"duration\":5,\"transform\":{\"y\":-2.5013,\"scX\":0.3412,\"scY\":0.3412,\"x\":-138.8028}}],\"name\":\"h2\"},{\"frame\":[{\"duration\":8,\"transform\":{}},{\"duration\":11,\"transform\":{\"scX\":1.3115,\"scY\":1.3115},\"tweenEasing\":0},{\"duration\":4,\"transform\":{\"y\":-1.9361,\"scX\":0.4288,\"scY\":0.4288,\"x\":120.1728}}],\"name\":\"h21\"},{\"frame\":[{\"duration\":8,\"transform\":{}},{\"duration\":9,\"transform\":{\"scX\":1.2093,\"scY\":1.2093},\"tweenEasing\":0},{\"duration\":6,\"transform\":{\"y\":66.4661,\"scX\":0.367,\"scY\":0.367,\"x\":25.4732}}],\"name\":\"h211\"},{\"frame\":[{\"duration\":8,\"transform\":{}},{\"duration\":9,\"transform\":{\"scX\":1.2363,\"scY\":1.2363},\"tweenEasing\":0},{\"duration\":6,\"transform\":{\"y\":100.443,\"scX\":0.3733,\"scY\":0.3733,\"x\":-40.4551}}],\"name\":\"h2111\"},{\"frame\":[{\"duration\":8,\"transform\":{}},{\"duration\":9,\"transform\":{\"scX\":1.2981,\"scY\":1.2981},\"tweenEasing\":0},{\"duration\":6,\"transform\":{\"y\":-40.5062,\"scX\":0.4585,\"scY\":0.4585,\"x\":-64.1004}}],\"name\":\"h21111\"},{\"frame\":[{\"duration\":8,\"transform\":{}},{\"duration\":8,\"transform\":{\"scX\":1.5391,\"scY\":1.5391},\"tweenEasing\":0},{\"duration\":7,\"transform\":{\"y\":-59.491,\"scX\":0.3619,\"scY\":0.3619,\"x\":34.6011}}],\"name\":\"h211111\"},{\"frame\":[{\"duration\":8,\"transform\":{}},{\"duration\":8,\"transform\":{\"scX\":1.5295,\"scY\":1.5295},\"tweenEasing\":0},{\"duration\":7,\"transform\":{\"y\":-53.8082,\"scX\":0.3887,\"scY\":0.3887,\"x\":-3.7905}}],\"name\":\"h2111111\"}],\"duration\":23,\"playTimes\":0,\"name\":\"newAnimation\",\"slot\":[{\"frame\":[{\"duration\":3,\"displayIndex\":-1,\"tweenEasing\":null},{\"tweenEasing\":null,\"duration\":7},{\"tweenEasing\":0,\"duration\":13},{\"tweenEasing\":null,\"duration\":0,\"color\":{\"aM\":0}}],\"name\":\"h6\"},{\"frame\":[{\"duration\":9,\"displayIndex\":-1,\"tweenEasing\":null},{\"tweenEasing\":null,\"duration\":3},{\"tweenEasing\":0,\"duration\":6},{\"tweenEasing\":null,\"duration\":5,\"color\":{\"aM\":0}}],\"name\":\"h5\"},{\"frame\":[{\"duration\":6,\"displayIndex\":-1,\"tweenEasing\":null},{\"tweenEasing\":null,\"duration\":4},{\"tweenEasing\":0,\"duration\":8},{\"tweenEasing\":null,\"duration\":5,\"color\":{\"aM\":0}}],\"name\":\"h4\"},{\"frame\":[{\"duration\":2,\"displayIndex\":-1,\"tweenEasing\":null},{\"tweenEasing\":0,\"duration\":3,\"color\":{\"aM\":44}},{\"tweenEasing\":0,\"duration\":3},{\"tweenEasing\":0,\"duration\":6},{\"tweenEasing\":null,\"duration\":9,\"color\":{\"aM\":0}}],\"name\":\"h3\"},{\"frame\":[{\"duration\":8,\"displayIndex\":-1,\"tweenEasing\":null},{\"tweenEasing\":0,\"duration\":10},{\"tweenEasing\":0,\"duration\":3},{\"tweenEasing\":null,\"duration\":2,\"color\":{\"aM\":0}}],\"name\":\"h2\"},{\"frame\":[{\"duration\":2,\"displayIndex\":-1,\"tweenEasing\":null},{\"tweenEasing\":0,\"duration\":4,\"color\":{\"aM\":44}},{\"tweenEasing\":0,\"duration\":6},{\"tweenEasing\":null,\"duration\":11,\"color\":{\"aM\":0}}],\"name\":\"h1\"},{\"frame\":[{\"duration\":8,\"displayIndex\":-1,\"tweenEasing\":null},{\"tweenEasing\":0,\"duration\":11},{\"tweenEasing\":0,\"duration\":3},{\"tweenEasing\":null,\"duration\":1,\"color\":{\"aM\":0}}],\"name\":\"h21\"},{\"frame\":[{\"duration\":8,\"displayIndex\":-1,\"tweenEasing\":null},{\"tweenEasing\":0,\"duration\":9},{\"tweenEasing\":0,\"duration\":3},{\"tweenEasing\":null,\"duration\":3,\"color\":{\"aM\":0}}],\"name\":\"h211\"},{\"frame\":[{\"duration\":8,\"displayIndex\":-1,\"tweenEasing\":null},{\"tweenEasing\":0,\"duration\":9},{\"tweenEasing\":0,\"duration\":3},{\"tweenEasing\":null,\"duration\":3,\"color\":{\"aM\":0}}],\"name\":\"h2111\"},{\"frame\":[{\"duration\":8,\"displayIndex\":-1,\"tweenEasing\":null},{\"tweenEasing\":0,\"duration\":9},{\"tweenEasing\":0,\"duration\":3},{\"tweenEasing\":null,\"duration\":3,\"color\":{\"aM\":0}}],\"name\":\"h21111\"},{\"frame\":[{\"duration\":8,\"displayIndex\":-1,\"tweenEasing\":null},{\"tweenEasing\":0,\"duration\":8},{\"tweenEasing\":0,\"duration\":3},{\"tweenEasing\":null,\"duration\":4,\"color\":{\"aM\":0}}],\"name\":\"h211111\"},{\"frame\":[{\"duration\":8,\"displayIndex\":-1,\"tweenEasing\":null},{\"tweenEasing\":0,\"duration\":8},{\"tweenEasing\":0,\"duration\":3},{\"tweenEasing\":null,\"duration\":4,\"color\":{\"aM\":0}}],\"name\":\"h2111111\"}]},{\"ffd\":[],\"frame\":[],\"ik\":[],\"bone\":[{\"frame\":[{\"duration\":14,\"transform\":{}}],\"name\":\"root\"},{\"frame\":[{\"duration\":7,\"transform\":{},\"tweenEasing\":0},{\"duration\":7,\"transform\":{\"scX\":1.1624,\"scY\":1.1624},\"tweenEasing\":0},{\"duration\":0,\"transform\":{}}],\"name\":\"h7\"},{\"frame\":[{\"duration\":14,\"transform\":{}}],\"name\":\"h3\"},{\"frame\":[{\"duration\":14,\"transform\":{}}],\"name\":\"h6\"},{\"frame\":[{\"duration\":14,\"transform\":{}}],\"name\":\"h5\"},{\"frame\":[{\"duration\":14,\"transform\":{}}],\"name\":\"h4\"},{\"frame\":[{\"duration\":14,\"transform\":{}}],\"name\":\"h1\"},{\"frame\":[{\"duration\":14,\"transform\":{}}],\"name\":\"h2\"},{\"frame\":[{\"duration\":14,\"transform\":{}}],\"name\":\"h21\"},{\"frame\":[{\"duration\":14,\"transform\":{}}],\"name\":\"h211\"},{\"frame\":[{\"duration\":14,\"transform\":{}}],\"name\":\"h2111\"},{\"frame\":[{\"duration\":14,\"transform\":{}}],\"name\":\"h21111\"},{\"frame\":[{\"duration\":14,\"transform\":{}}],\"name\":\"h211111\"},{\"frame\":[{\"duration\":14,\"transform\":{}}],\"name\":\"h2111111\"}],\"duration\":14,\"playTimes\":0,\"name\":\"xunhuan\",\"slot\":[{\"frame\":[{\"tweenEasing\":0,\"duration\":7,\"color\":{\"aM\":80}},{\"tweenEasing\":0,\"duration\":7},{\"tweenEasing\":null,\"duration\":0,\"color\":{\"aM\":80}}],\"name\":\"h7\"}]}],\"frameRate\":24,\"name\":\"Armature\",\"ik\":[]}],\"name\":\"xindong\",\"version\":\"5.0\"}"]],0,0,[],[],[]],[[[2,"hudie1_ske","{\"armature\":[{\"bone\":[{\"name\":\"root\",\"transform\":{\"scX\":0.5815,\"scY\":0.5815}},{\"length\":118,\"transform\":{\"skY\":-175.7583,\"y\":-5.1372,\"skX\":-175.7583,\"x\":-4.6653},\"parent\":\"root\",\"name\":\"c1\"},{\"length\":102,\"transform\":{\"skY\":179.4408,\"y\":3.5752,\"skX\":179.4408,\"x\":-6.7679},\"parent\":\"root\",\"name\":\"c2\"},{\"length\":118,\"transform\":{\"skY\":-8.6388,\"y\":-6.2554,\"skX\":171.3612,\"x\":2.8393},\"parent\":\"root\",\"name\":\"c11\"},{\"length\":102,\"transform\":{\"skY\":-0.5592,\"y\":2.1416,\"skX\":179.4408,\"x\":2.0073},\"parent\":\"root\",\"name\":\"c21\"}],\"type\":\"Armature\",\"name\":\"Armature\",\"defaultActions\":[{\"gotoAndPlay\":\"newAnimation\"}],\"animation\":[{\"bone\":[{\"frame\":[{\"transform\":{},\"duration\":16},{\"transform\":{},\"duration\":0}],\"name\":\"root\"},{\"frame\":[{\"tweenEasing\":0,\"transform\":{\"scX\":0.601},\"duration\":4},{\"tweenEasing\":0,\"transform\":{\"scX\":0.3953},\"duration\":4},{\"tweenEasing\":0,\"transform\":{\"scX\":0.601},\"duration\":4},{\"tweenEasing\":0,\"transform\":{},\"duration\":4},{\"transform\":{\"scX\":0.6808},\"duration\":0}],\"name\":\"c1\"},{\"frame\":[{\"tweenEasing\":0,\"transform\":{},\"duration\":4},{\"tweenEasing\":0,\"transform\":{\"scX\":0.7319},\"duration\":4},{\"tweenEasing\":0,\"transform\":{\"scX\":0.4409},\"duration\":4},{\"tweenEasing\":0,\"transform\":{\"scX\":0.7319},\"duration\":4},{\"transform\":{\"scX\":0.9464},\"duration\":0}],\"name\":\"c2\"},{\"frame\":[{\"tweenEasing\":0,\"transform\":{\"scX\":0.601},\"duration\":4},{\"tweenEasing\":0,\"transform\":{\"scX\":0.3953},\"duration\":4},{\"tweenEasing\":0,\"transform\":{\"scX\":0.601},\"duration\":4},{\"tweenEasing\":0,\"transform\":{},\"duration\":4},{\"transform\":{\"scX\":0.6808},\"duration\":0}],\"name\":\"c11\"},{\"frame\":[{\"tweenEasing\":0,\"transform\":{},\"duration\":4},{\"tweenEasing\":0,\"transform\":{\"scX\":0.7319},\"duration\":4},{\"tweenEasing\":0,\"transform\":{\"scX\":0.4409},\"duration\":4},{\"tweenEasing\":0,\"transform\":{\"scX\":0.7319},\"duration\":4},{\"transform\":{\"scX\":0.9464},\"duration\":0}],\"name\":\"c21\"}],\"frame\":[],\"playTimes\":0,\"ik\":[],\"duration\":16,\"slot\":[],\"ffd\":[],\"name\":\"newAnimation\"}],\"slot\":[{\"name\":\"c21\",\"parent\":\"c21\",\"color\":{}},{\"z\":1,\"name\":\"c11\",\"parent\":\"c11\",\"color\":{}},{\"z\":2,\"name\":\"c2\",\"parent\":\"c2\",\"color\":{}},{\"z\":3,\"name\":\"c1\",\"parent\":\"c1\",\"color\":{}},{\"z\":4,\"name\":\"cs\",\"parent\":\"root\",\"color\":{}}],\"skin\":[{\"name\":\"\",\"slot\":[{\"display\":[{\"path\":\"cs\",\"type\":\"image\",\"name\":\"cs\",\"transform\":{\"y\":-9.7078,\"x\":-2.4772}}],\"name\":\"cs\"},{\"display\":[{\"path\":\"c1\",\"type\":\"image\",\"name\":\"c1\",\"transform\":{\"skY\":175.7583,\"y\":15.8393,\"skX\":175.7583,\"x\":20.9449}}],\"name\":\"c11\"},{\"display\":[{\"path\":\"c2\",\"type\":\"image\",\"name\":\"c2\",\"transform\":{\"skY\":-179.4408,\"y\":-19.4776,\"skX\":-179.4408,\"x\":21.5757}}],\"name\":\"c21\"},{\"display\":[{\"path\":\"c2\",\"type\":\"image\",\"name\":\"c2\",\"transform\":{\"skY\":-179.4408,\"y\":-16.2362,\"skX\":-179.4408,\"x\":18.9967}}],\"name\":\"c2\"},{\"display\":[{\"path\":\"c1\",\"type\":\"image\",\"name\":\"c1\",\"transform\":{\"skY\":175.7583,\"y\":16.2212,\"skX\":175.7583,\"x\":22.9482}}],\"name\":\"c1\"}]}],\"aabb\":{\"width\":79.1459647652547,\"y\":-38.572732341985116,\"height\":76.52111162430583,\"x\":-40.322719838214496},\"frameRate\":24,\"ik\":[]}],\"frameRate\":24,\"name\":\"hudie1\",\"version\":\"5.0\",\"isGlobal\":0}"]],0,0,[],[],[]],[[{"name":"sp_heart_anim","rect":[0,0,139,122],"offset":[0,0],"originalSize":[139,122],"capInsets":[0,0,0,0]}],[0],0,[0],[0],[5]],[[[0,"effect_shake_3",1.0833333333333333,{"paths":{"luoye1":{"props":{"active":[{"frame":0,"value":false},{"frame":0.08333333333333333,"value":true}]}},"luoye2":{"props":{"active":[{"frame":0.6666666666666666,"value":false},{"frame":0.75,"value":true}]}},"luoye3":{"props":{"active":[{"frame":0.4166666666666667,"value":false},{"frame":0.5,"value":true}]}},"luoye4":{"props":{"active":[{"frame":1,"value":false},{"frame":1.0833333333333333,"value":true}]}},"luoye5":{"props":{"active":[{"frame":0.5833333333333334,"value":false},{"frame":0.6666666666666666,"value":true}]}}}}]],0,0,[],[],[]],[[[0,"effect_shake_luoye4",1.5,{"props":{"position":[{"frame":0,"value":[390.385,499.849,0]},{"frame":1.5,"value":[325.483,263.351,0]}],"opacity":[{"frame":0,"value":0},{"frame":0.16666666666666666,"value":255}],"angle":[{"frame":0,"value":0},{"frame":1.5,"value":-20}]}}]],0,0,[],[],[]],[[[0,"effect_shake_luoye3",1.5,{"props":{"position":[{"frame":0,"value":[164,756]},{"frame":1.5,"value":[-65.022,467.894,0]}],"opacity":[{"frame":0,"value":0},{"frame":0.16666666666666666,"value":255}],"angle":[{"frame":0,"value":0},{"frame":1.5,"value":300}]}}]],0,0,[],[],[]],[[[1,"effect_shake_hudie3",2,[{},"props",11,[{"position":[{"frame":0,"value":[-116.822,671.205,0]},{"frame":2,"value":[-413.149,332.832,0]}],"opacity":[{"frame":0,"value":0},{"frame":0.16666666666666666,"value":255},{"frame":1.8333333333333333,"value":255},{"frame":2,"value":0}],"angle":[{"frame":0,"value":139}]},"scale",12,[[[{"frame":0},"value",8,[1,0.6,0.6,1]],[{"frame":2},"value",8,[1,0.8,0.8,1]]],11,11]]]]],0,0,[],[],[]],[[[0,"effect_shake_2",1.0833333333333333,{"paths":{"luoye1":{"props":{"active":[{"frame":0,"value":false},{"frame":0.08333333333333333,"value":true}]}},"luoye2":{"props":{"active":[{"frame":0.6666666666666666,"value":false},{"frame":0.75,"value":true}]}},"luoye4":{"props":{"active":[{"frame":1,"value":false},{"frame":1.0833333333333333,"value":true}]}}}}]],0,0,[],[],[]],[[[0,"effect_shake_luoye5",1.25,{"props":{"position":[{"frame":0,"value":[410.173,-123.474,0]},{"frame":1.25,"value":[224.951,-225.349,0]}],"opacity":[{"frame":0,"value":0},{"frame":0.16666666666666666,"value":255}],"angle":[{"frame":0,"value":0},{"frame":1.25,"value":-150}]}}]],0,0,[],[],[]],[[{"name":"sp_ui_home","rect":[0,0,95,88],"offset":[0,0],"originalSize":[95,88],"capInsets":[0,0,0,0]}],[0],0,[0],[0],[6]],[[{"name":"sp_ui_flush","rect":[0,0,95,88],"offset":[0,0],"originalSize":[95,88],"capInsets":[0,0,0,0]}],[0],0,[0],[0],[7]],[[[0,"effect_shake_hudie1",2.3333333333333335,{"props":{"position":[{"frame":0.3333333333333333,"value":[-2.625,-695.292,0]},{"frame":2.3333333333333335,"value":[466.149,-149.617,0]}],"opacity":[{"frame":0.3333333333333333,"value":0},{"frame":0.5,"value":255},{"frame":2.1666666666666665,"value":255},{"frame":2.3333333333333335,"value":0}],"angle":[{"frame":0.3333333333333333,"value":-41}]}}]],0,0,[],[],[]],[[[2,"hudie2_ske","{\"armature\":[{\"bone\":[{\"name\":\"root\",\"transform\":{\"scX\":0.6025,\"scY\":0.6025}},{\"length\":118,\"transform\":{\"skY\":-175.7583,\"y\":-3.9862,\"skX\":-175.7583,\"x\":-2.0239},\"parent\":\"root\",\"name\":\"c1\"},{\"length\":102,\"transform\":{\"skY\":179.4408,\"y\":1.9955,\"skX\":179.4408,\"x\":-4.8006},\"parent\":\"root\",\"name\":\"c2\"},{\"length\":118,\"transform\":{\"skY\":-8.6388,\"y\":-3.9862,\"skX\":171.3612,\"x\":3.97},\"parent\":\"root\",\"name\":\"c11\"},{\"length\":102,\"transform\":{\"skY\":-0.5592,\"y\":3.3946,\"skX\":179.4408,\"x\":3.8671},\"parent\":\"root\",\"name\":\"c21\"}],\"type\":\"Armature\",\"name\":\"Armature\",\"defaultActions\":[{\"gotoAndPlay\":\"newAnimation\"}],\"animation\":[{\"bone\":[{\"frame\":[{\"transform\":{},\"duration\":16},{\"transform\":{},\"duration\":0}],\"name\":\"root\"},{\"frame\":[{\"tweenEasing\":0,\"transform\":{\"scX\":0.601},\"duration\":4},{\"tweenEasing\":0,\"transform\":{\"scX\":0.3953},\"duration\":4},{\"tweenEasing\":0,\"transform\":{\"scX\":0.601},\"duration\":4},{\"tweenEasing\":0,\"transform\":{},\"duration\":4},{\"transform\":{\"scX\":0.6808},\"duration\":0}],\"name\":\"c1\"},{\"frame\":[{\"tweenEasing\":0,\"transform\":{},\"duration\":4},{\"tweenEasing\":0,\"transform\":{\"scX\":0.7319},\"duration\":4},{\"tweenEasing\":0,\"transform\":{\"scX\":0.4409},\"duration\":4},{\"tweenEasing\":0,\"transform\":{\"scX\":0.7319},\"duration\":4},{\"transform\":{\"scX\":0.9464},\"duration\":0}],\"name\":\"c2\"},{\"frame\":[{\"tweenEasing\":0,\"transform\":{\"scX\":0.601},\"duration\":4},{\"tweenEasing\":0,\"transform\":{\"scX\":0.3953},\"duration\":4},{\"tweenEasing\":0,\"transform\":{\"scX\":0.601},\"duration\":4},{\"tweenEasing\":0,\"transform\":{},\"duration\":4},{\"transform\":{\"scX\":0.6808},\"duration\":0}],\"name\":\"c11\"},{\"frame\":[{\"tweenEasing\":0,\"transform\":{},\"duration\":4},{\"tweenEasing\":0,\"transform\":{\"scX\":0.7319},\"duration\":4},{\"tweenEasing\":0,\"transform\":{\"scX\":0.4409},\"duration\":4},{\"tweenEasing\":0,\"transform\":{\"scX\":0.7319},\"duration\":4},{\"transform\":{\"scX\":0.9464},\"duration\":0}],\"name\":\"c21\"}],\"frame\":[],\"playTimes\":0,\"ik\":[],\"duration\":16,\"slot\":[],\"ffd\":[],\"name\":\"newAnimation\"}],\"slot\":[{\"name\":\"c21\",\"parent\":\"c21\",\"color\":{}},{\"z\":1,\"name\":\"c11\",\"parent\":\"c11\",\"color\":{}},{\"z\":2,\"name\":\"c2\",\"parent\":\"c2\",\"color\":{}},{\"z\":3,\"name\":\"c1\",\"parent\":\"c1\",\"color\":{}},{\"z\":4,\"name\":\"cs\",\"parent\":\"root\",\"color\":{}}],\"skin\":[{\"name\":\"\",\"slot\":[{\"display\":[{\"path\":\"c1\",\"type\":\"image\",\"name\":\"c1\",\"transform\":{\"skY\":175.7583,\"y\":13.6993,\"skX\":175.7583,\"x\":21.8723}}],\"name\":\"c11\"},{\"display\":[{\"path\":\"cs\",\"type\":\"image\",\"name\":\"cs\",\"transform\":{\"y\":0.8481,\"x\":0.206}}],\"name\":\"cs\"},{\"display\":[{\"path\":\"c2\",\"type\":\"image\",\"name\":\"c2\",\"transform\":{\"skY\":-179.4408,\"y\":-16.3392,\"skX\":-179.4408,\"x\":20.1517}}],\"name\":\"c21\"},{\"display\":[{\"path\":\"c1\",\"type\":\"image\",\"name\":\"c1\",\"transform\":{\"skY\":175.7583,\"y\":13.7115,\"skX\":175.7583,\"x\":23.6271}}],\"name\":\"c1\"},{\"display\":[{\"path\":\"c2\",\"type\":\"image\",\"name\":\"c2\",\"transform\":{\"skY\":-179.4408,\"y\":-18.1736,\"skX\":-179.4408,\"x\":19.1552}}],\"name\":\"c2\"}]}],\"aabb\":{\"width\":79.37155367928548,\"y\":-33.54127436960998,\"height\":68.30533732693272,\"x\":-39.804708079318075},\"frameRate\":24,\"ik\":[]}],\"frameRate\":24,\"name\":\"hudie2\",\"version\":\"5.0\",\"isGlobal\":0}"]],0,0,[],[],[]],[[[2,"luoye_ske","{\"frameRate\":24,\"isGlobal\":0,\"armature\":[{\"skin\":[{\"name\":\"\",\"slot\":[{\"display\":[{\"weights\":[4,2,0.9669303396956104,6,0.023496821160143417,8,0.0065430392454698125,12,0.0030297998987764826,4,2,0.8098101285181211,6,0.14459170964326853,8,0.032052972753729196,12,0.013545189084881165,4,2,0.5807364989270113,6,0.32574736446296604,8,0.0672151860335469,12,0.02630095057647575,4,2,0.42972409285915036,6,0.4137692375954879,8,0.11441865328438428,12,0.042088016260977364,4,2,0.38128633198539486,6,0.3838549745248182,8,0.17239441651852247,12,0.06246427697126446,4,2,0.294956554612554,6,0.3515813070298329,8,0.2616135468640931,12,0.09184859149352013,4,2,0.19608450939925032,6,0.3426720127150253,8,0.33375727678706807,12,0.1274862010986562,4,2,0.12397944774294944,8,0.3429960209885321,6,0.330366302670776,12,0.20265822859774246,4,8,0.3437802812595087,12,0.3161482855402021,6,0.22123443109195684,14,0.11883700210833235,4,12,0.35935543077891346,8,0.31645645554222646,14,0.22275524223685927,6,0.10143287144200087,4,12,0.39706419830442685,14,0.33379308546199743,8,0.2098882354626313,6,0.059254480770944556,4,14,0.4792719058473169,12,0.4313495022980142,8,0.06818941745094025,6,0.021189174403728684,4,14,0.8025166190738863,12,0.16168058317011016,8,0.026102631774966262,6,0.00970016598103738,4,14,0.9839271686006498,12,0.01241441083957218,8,0.002594563600882474,6,0.0010638569588955955,4,14,0.8580016787467963,12,0.11180907252054637,8,0.02164622887653218,6,0.00854301985612505,4,14,0.46810549207258817,12,0.39637643184860455,8,0.09975773453454767,6,0.035760341544259576,4,12,0.3634860894388934,14,0.3585406726453978,8,0.19855958707090543,6,0.07941365084480326,4,12,0.31348997901924924,8,0.27914468946101334,14,0.26239847140707473,6,0.14496686011266263,4,8,0.30492790396732944,12,0.2751791934026744,6,0.2622400522363047,14,0.15765285039369165,4,2,0.24443550315110477,6,0.3128989598212328,8,0.28708113552305564,12,0.15558440150460684,4,2,0.3674392627288233,6,0.36065051349183874,8,0.1910962423374145,12,0.08081398144192331,4,2,0.6018818221937658,6,0.27952825593330677,8,0.08265299851369307,12,0.035936923359234166,4,2,0.9042948796666562,6,0.06834648875280896,8,0.018795772015741247,12,0.008562859564793503,4,2,0.955081450451074,6,0.030863657277564127,8,0.009491336428104598,12,0.004563555843257324],\"userEdges\":[],\"uvs\":[0.00413,0.18818,0.03394,0.33909,0.06422,0.47545,0.10459,0.62636,0.14679,0.74636,0.22706,0.84182,0.31193,0.90182,0.41239,0.95909,0.52477,0.99909,0.67202,0.99818,0.75229,0.95364,0.85688,0.86273,0.94541,0.79,1,0.66182,0.97339,0.56273,0.88899,0.40727,0.83257,0.25636,0.74633,0.11727,0.59358,0.01364,0.4367,0,0.3055,0,0.16881,0.00545,0.07248,0.06,0,0.10455],\"vertices\":[-54.05,-17.15,-50.8,-8.85,-47.5,-1.35,-43.1,6.95,-38.5,13.55,-29.75,18.8,-20.5,22.1,-9.55,25.25,2.7,27.45,18.75,27.4,27.5,24.95,38.9,19.95,48.55,15.95,54.5,8.9,51.6,3.45,42.4,-5.1,36.25,-13.4,26.85,-21.05,10.2,-26.75,-6.9,-27.5,-21.2,-27.5,-36.1,-27.2,-46.6,-24.2,-54.5,-21.75],\"slotPose\":[0.9999999999999998,8.708311849403572e-16,-8.708311849403572e-16,0.9999999999999998,-205.99999999999991,8.000000000000004],\"path\":\"y2\",\"bonePose\":[2,0.8449801974895099,0.5347975933477905,-0.5347975933477905,0.8449801974895099,-256.35,-10.75,6,0.9361517679331683,0.35159617090577555,-0.35159617090577555,0.9361517679331683,-236.6,1.7499999999999982,8,0.9785497849867489,0.20601048104984174,-0.20601048104984174,0.9785497849867489,-214.9,9.899999999999991,12,0.9944085917273487,0.10560091239582499,-0.10560091239582499,0.9944085917273487,-192.1,14.7,14,0.9996349698728533,0.027017161347915195,-0.027017161347915195,0.9996349698728533,-169.49999999999997,17.1],\"edges\":[0,1,1,2,2,3,3,4,4,5,5,6,6,7,7,8,8,9,9,10,10,11,11,12,12,13,13,14,14,15,15,16,16,17,17,18,18,19,19,20,20,21,21,22,22,23,23,0],\"type\":\"mesh\",\"transform\":{\"skX\":-1.5482,\"y\":-8.1106,\"skY\":-1.5482,\"x\":-36.7325},\"width\":109,\"triangles\":[14,12,13,15,11,12,15,12,14,10,11,15,16,10,15,9,10,16,17,9,16,8,9,17,18,8,17,7,8,18,19,7,18,6,7,19,20,6,19,5,6,20,3,4,5,2,3,20,3,5,20,21,2,20,1,2,21,22,1,21,0,1,22,23,0,22],\"height\":55,\"name\":\"y2\"}],\"name\":\"y2\"},{\"display\":[{\"weights\":[4,3,0.8006611151315479,4,0.12451904420636432,9,0.048638990056469225,10,0.026180850605618523,4,3,0.7498313581120217,4,0.1698818002757069,9,0.05419307145921418,10,0.026093770153057024,4,3,0.5038106312306442,4,0.3160169848450374,9,0.1230436774020492,10,0.057128706522269326,4,3,0.36079661035978383,4,0.34254122897096345,9,0.20295720176133247,10,0.09370495890792033,4,3,0.24871220976497024,4,0.32205299231712203,9,0.28523915001932687,10,0.14399564789858096,4,3,0.15035483287355775,9,0.32099955863981344,4,0.3088856732941488,10,0.21975993519247994,4,3,0.0840014989969233,9,0.3567709757705502,10,0.3332490789372288,4,0.22597844629529765,4,3,0.043970646868473,10,0.44512193981574355,9,0.38976994509747426,4,0.12113746821830929,4,3,0.020651778153822565,10,0.7273125292650947,9,0.20082499911813384,4,0.05121069346294884,4,3,0.006339712151954095,10,0.9267467050980304,9,0.0522239542054279,4,0.014689628544587493,4,3,0.010947834026970804,10,0.8920602738202543,9,0.07313736339204246,4,0.023854528760732248,4,3,0.011811629747055857,10,0.8637411312770664,9,0.0968440541027483,4,0.027603184873129467,4,3,0.02990380502480067,10,0.6006651066266241,9,0.29233235868826674,4,0.07709872966030837,4,3,0.047955635251238596,10,0.4155104227451528,9,0.3983613357823979,4,0.13817260622121075,4,3,0.08462548222278461,9,0.3517163993315052,10,0.3212053060867895,4,0.24245281235892063,4,3,0.15194242769052968,9,0.32299688514812014,4,0.3202306723363785,10,0.20483001482497185,4,3,0.22458366528413923,4,0.3175445588450948,9,0.3044440216870264,10,0.15342775418373963,4,3,0.35216217243464126,4,0.3577811808882152,9,0.20220262639374573,10,0.08785402028339781,4,3,0.41544893458770116,4,0.3997348202957414,9,0.1282168291514649,10,0.05659941596509239,4,3,0.6678353529961433,4,0.2367066909363348,9,0.06461675477312684,10,0.030841201294395083,4,3,0.8838320126924059,4,0.07765927012546622,9,0.025384186126327684,10,0.013124531055800219,4,3,0.8723508479087522,4,0.08089468439735299,9,0.03030756237389966,10,0.016446905319995066],\"userEdges\":[],\"uvs\":[0,0.24621,0.10417,0.30909,0.14861,0.43409,0.21042,0.54924,0.30139,0.66515,0.41042,0.76439,0.52847,0.84848,0.65139,0.91288,0.78472,0.97727,0.88125,1,0.98958,0.99621,1,0.89621,0.99722,0.75985,0.96458,0.61515,0.92569,0.46894,0.86111,0.30455,0.79722,0.18939,0.63194,0.05758,0.47153,0,0.26181,0,0.11181,0.03333,0.01319,0.10303],\"vertices\":[-36,-16.75,-28.5,-12.6,-25.3,-4.35,-20.85,3.25,-14.3,10.9,-6.45,17.45,2.05,23,10.9,27.25,20.5,31.5,27.45,33,35.25,32.75,36,26.15,35.8,17.15,33.45,7.6,30.65,-2.05,26,-12.9,21.4,-20.5,9.5,-29.2,-2.05,-33,-17.15,-33,-27.95,-30.8,-35.05,-26.2],\"slotPose\":[0.9999999999999998,3.885780586188048e-16,-3.885780586188048e-16,0.9999999999999998,-224.49999999999991,78.50000000000001],\"path\":\"y1\",\"bonePose\":[3,0.9044485621875815,0.4265826981451739,-0.4265826981451739,0.9044485621875815,-250.75,55.55,4,0.7071067811865479,0.7071067811865472,-0.7071067811865472,0.7071067811865479,-231.34999999999997,64.70000000000002,9,0.63701977547275,0.7708474593955974,-0.7708474593955974,0.63701977547275,-216.95,79.1,10,0.5953657763239135,0.8034547855245021,-0.8034547855245021,0.5953657763239135,-205.05,93.49999999999999],\"edges\":[0,1,1,2,2,3,3,4,4,5,5,6,6,7,7,8,8,9,9,10,10,11,11,12,12,13,13,14,14,15,15,16,16,17,17,18,18,19,19,20,20,21,21,0],\"type\":\"mesh\",\"transform\":{\"skX\":-53.4613,\"y\":6.6967,\"skY\":-53.4613,\"x\":-23.6317},\"width\":72,\"triangles\":[12,8,11,8,9,11,9,10,11,13,7,12,7,8,12,14,6,13,6,7,13,15,5,14,5,6,14,16,4,15,4,5,15,3,4,17,17,4,16,2,3,18,18,3,17,19,1,18,1,2,18,20,1,19,21,0,1,21,1,20],\"height\":66,\"name\":\"y1\"}],\"name\":\"y1\"},{\"display\":[{\"weights\":[4,1,0.9823391917609698,5,0.012544231356513448,7,0.0034206551330319994,11,0.0016959217494847652,4,1,0.8710602188077162,5,0.10212517330627045,7,0.018635542445422724,11,0.008179065440590485,4,1,0.5237497066877345,5,0.3845876826394815,7,0.06584661965668243,11,0.02581599101610163,4,1,0.36520973980916055,5,0.3836683683318088,7,0.1800989016768751,11,0.0710229901821557,4,1,0.2351082948673698,5,0.33199334295062216,7,0.290189869020511,11,0.1427084931614971,4,1,0.1363986921732531,7,0.3219468019879245,5,0.2900818851881483,11,0.25157262065067404,4,7,0.32867364616353933,11,0.32404156091156794,5,0.1794655024393003,13,0.16781929048559246,4,11,0.38324187064746895,13,0.30849913274030444,7,0.2342188255645696,5,0.07404017104765706,4,13,0.6725980868251702,11,0.26967584624408064,7,0.04279580946936439,5,0.014930257461384613,4,13,0.972128745806916,11,0.020819001172534244,7,0.0049425145271764686,5,0.0021097384933732883,4,13,0.7585901246045372,11,0.21006252363965744,7,0.023320083941505365,5,0.008027267814300104,4,11,0.4702200716973877,13,0.3762759823648932,7,0.12441480922912343,5,0.02908913670859563,4,11,0.403038036680309,7,0.35833708608866155,13,0.1584658117200853,5,0.08015906551094408,4,7,0.39116237065368176,5,0.26642217778537486,11,0.2641585244680065,13,0.07825692709293677,4,1,0.11392218640030613,7,0.3840508863864572,5,0.3836492907776538,11,0.11837763643558293,4,1,0.3093519207270564,5,0.43296991428893267,7,0.2025627416756618,11,0.05511542330834907,4,1,0.5108642018999972,5,0.41432132262826404,7,0.05534566866411094,11,0.01946880680762792,4,1,0.8498829200611059,5,0.1227681250242055,7,0.019320874209678,11,0.008028080705010657,4,1,0.9713224792462174,5,0.02041049392036174,7,0.00554376064837199,11,0.002723266185049004,4,1,0.9794530674596535,5,0.01379849009940218,7,0.004430245109914744,11,0.0023181973310294865],\"userEdges\":[],\"uvs\":[0.92889,0.02952,0.83056,0.10422,0.70889,0.15422,0.56389,0.1988,0.43333,0.26867,0.31389,0.38313,0.24944,0.51506,0.16444,0.66687,0.075,0.85361,0,0.99578,0.14167,1,0.31833,0.96084,0.45611,0.90843,0.62389,0.8012,0.73389,0.68675,0.83722,0.52229,0.89944,0.34819,0.92667,0.21867,0.99111,0.08434,1,0],\"vertices\":[38.6,-39.05,29.75,-32.85,18.8,-28.7,5.75,-25,-6,-19.2,-16.75,-9.7,-22.55,1.25,-30.2,13.85,-38.25,29.35,-45,41.15,-32.25,41.5,-16.35,38.25,-3.95,33.9,11.15,25,21.05,15.5,30.35,1.85,35.95,-12.6,38.4,-23.35,44.2,-34.5,45,-41.5],\"slotPose\":[1.0000000000000009,-2.7755575615628914e-16,6.661338147750939e-16,1.0000000000000004,-215.50000000000009,-71.00000000000001],\"path\":\"y3\",\"bonePose\":[1,-0.6112557842703293,0.7914331091103434,-0.7914331091103434,-0.6112557842703293,-173.25,-109.6,5,-0.6348222192071233,0.7726582362215155,-0.7726582362215155,-0.6348222192071233,-191.4,-86.1,7,-0.7452413135250991,0.6667948594698261,-0.6667948594698261,-0.7452413135250991,-207.74999999999997,-66.19999999999999,11,-0.8044162726093322,0.5940660404040183,-0.5940660404040183,-0.8044162726093322,-224.85000000000002,-50.89999999999998,13,-0.9176916685682971,0.3972933443192007,-0.3972933443192007,-0.9176916685682971,-242.25,-38.04999999999999],\"edges\":[0,1,1,2,2,3,3,4,4,5,5,6,6,7,7,8,8,9,9,10,10,11,11,12,12,13,13,14,14,15,15,16,16,17,17,18,18,19,19,0],\"type\":\"mesh\",\"transform\":{\"skX\":-156.5909,\"y\":19.6103,\"skY\":-156.5909,\"x\":-37.6391},\"width\":90,\"triangles\":[1,17,18,0,18,19,0,1,18,2,16,17,1,2,17,2,15,16,4,14,15,3,4,15,2,3,15,5,6,13,5,13,14,4,5,14,6,12,13,6,7,12,7,11,12,7,8,11,8,10,11,8,9,10],\"height\":83,\"name\":\"y3\"}],\"name\":\"y3\"}]}],\"type\":\"Armature\",\"name\":\"Armature\",\"defaultActions\":[{\"gotoAndPlay\":\"luoye1\"}],\"ik\":[],\"bone\":[{\"name\":\"root\",\"transform\":{}},{\"length\":29,\"transform\":{\"skX\":127.6804,\"y\":-42.3831,\"skY\":127.6804,\"x\":38.1498},\"parent\":\"root\",\"name\":\"y3\"},{\"length\":23,\"transform\":{\"skX\":32.3302,\"y\":-20.499,\"skY\":32.3302,\"x\":-48.542},\"parent\":\"root\",\"name\":\"y2\"},{\"length\":21,\"transform\":{\"skX\":47.1193,\"y\":-32.7043,\"skY\":47.1193,\"x\":-23.9571},\"parent\":\"root\",\"name\":\"y1\"},{\"length\":20,\"transform\":{\"skX\":19.7491,\"skY\":19.7491,\"x\":21.4495},\"parent\":\"y1\",\"name\":\"y11\"},{\"length\":25,\"transform\":{\"skX\":1.7264,\"skY\":1.7264,\"x\":29.693},\"parent\":\"y3\",\"name\":\"y31\"},{\"length\":23,\"transform\":{\"skX\":-11.7452,\"skY\":-11.7452,\"x\":23.3733},\"parent\":\"y2\",\"name\":\"y21\"},{\"length\":22,\"transform\":{\"skX\":8.773,\"skY\":8.773,\"x\":25.7552},\"parent\":\"y31\",\"name\":\"y32\"},{\"length\":23,\"transform\":{\"skX\":-8.6963,\"skY\":-8.6963,\"x\":23.18},\"parent\":\"y21\",\"name\":\"y22\"},{\"length\":18,\"transform\":{\"skX\":5.4301,\"skY\":5.4301,\"x\":20.3647},\"parent\":\"y11\",\"name\":\"y12\"},{\"length\":17,\"transform\":{\"skX\":3.0312,\"skY\":3.0312,\"x\":18.6807},\"parent\":\"y12\",\"name\":\"y13\"},{\"length\":21,\"transform\":{\"skX\":5.3741,\"skY\":5.3741,\"x\":22.9456},\"parent\":\"y32\",\"name\":\"y33\"},{\"length\":22,\"transform\":{\"skX\":-5.8269,\"skY\":-5.8269,\"x\":23.2998},\"parent\":\"y22\",\"name\":\"y23\"},{\"length\":17,\"transform\":{\"skX\":13.037,\"skY\":13.037,\"x\":21.6306},\"parent\":\"y33\",\"name\":\"y34\"},{\"length\":16,\"transform\":{\"skX\":-4.5136,\"skY\":-4.5136,\"x\":22.7271},\"parent\":\"y23\",\"name\":\"y24\"}],\"aabb\":{\"width\":72,\"y\":-32.98758624648423,\"height\":66,\"x\":-41.11220142266523},\"frameRate\":24,\"slot\":[{\"displayIndex\":-1,\"name\":\"y3\",\"parent\":\"y34\",\"color\":{}},{\"z\":1,\"displayIndex\":-1,\"name\":\"y2\",\"parent\":\"y24\",\"color\":{}},{\"z\":2,\"name\":\"y1\",\"parent\":\"y13\",\"color\":{}}],\"animation\":[{\"frame\":[],\"bone\":[{\"frame\":[{\"transform\":{},\"duration\":36}],\"name\":\"root\"},{\"frame\":[{\"transform\":{},\"duration\":36}],\"name\":\"y3\"},{\"frame\":[{\"transform\":{},\"duration\":36}],\"name\":\"y2\"},{\"frame\":[{\"tweenEasing\":0,\"transform\":{},\"duration\":18},{\"tweenEasing\":0,\"transform\":{\"skX\":-1.9467,\"skY\":-1.9467},\"duration\":18},{\"transform\":{},\"duration\":0}],\"name\":\"y1\"},{\"frame\":[{\"tweenEasing\":0,\"transform\":{},\"duration\":10},{\"tweenEasing\":0,\"transform\":{},\"duration\":17},{\"transform\":{\"skX\":-51.2304,\"skY\":-51.2304},\"duration\":9}],\"name\":\"y11\"},{\"frame\":[{\"transform\":{},\"duration\":36}],\"name\":\"y31\"},{\"frame\":[{\"transform\":{},\"duration\":36}],\"name\":\"y21\"},{\"frame\":[{\"transform\":{},\"duration\":36}],\"name\":\"y32\"},{\"frame\":[{\"transform\":{},\"duration\":36}],\"name\":\"y22\"},{\"frame\":[{\"tweenEasing\":0,\"transform\":{\"skX\":-26.5755,\"skY\":-26.5755},\"duration\":18},{\"tweenEasing\":0,\"transform\":{},\"duration\":18},{\"transform\":{\"skX\":-53.151,\"skY\":-53.151},\"duration\":0}],\"name\":\"y12\"},{\"frame\":[{\"transform\":{},\"duration\":36}],\"name\":\"y23\"},{\"frame\":[{\"transform\":{},\"duration\":36}],\"name\":\"y33\"},{\"frame\":[{\"tweenEasing\":0,\"transform\":{\"skX\":-33.712,\"skY\":-33.712},\"duration\":27},{\"transform\":{},\"duration\":9}],\"name\":\"y13\"},{\"frame\":[{\"transform\":{},\"duration\":36}],\"name\":\"y34\"},{\"frame\":[{\"transform\":{},\"duration\":36}],\"name\":\"y24\"}],\"duration\":36,\"ik\":[],\"playTimes\":0,\"name\":\"luoye1\",\"slot\":[{\"frame\":[{\"tweenEasing\":null,\"duration\":27},{\"tweenEasing\":0,\"duration\":9},{\"tweenEasing\":null,\"color\":{\"aM\":0},\"duration\":0}],\"name\":\"y1\"}],\"ffd\":[]},{\"frame\":[],\"bone\":[{\"frame\":[{\"transform\":{},\"duration\":36}],\"name\":\"root\"},{\"frame\":[{\"transform\":{},\"duration\":36}],\"name\":\"y3\"},{\"frame\":[{\"tweenEasing\":0,\"transform\":{},\"duration\":24},{\"transform\":{\"skX\":-10.0161,\"skY\":-10.0161},\"duration\":12}],\"name\":\"y2\"},{\"frame\":[{\"transform\":{},\"duration\":36}],\"name\":\"y1\"},{\"frame\":[{\"transform\":{},\"duration\":36}],\"name\":\"y11\"},{\"frame\":[{\"transform\":{},\"duration\":36}],\"name\":\"y31\"},{\"frame\":[{\"tweenEasing\":0,\"transform\":{\"skX\":10.9959,\"skY\":10.9959},\"duration\":12},{\"tweenEasing\":0,\"transform\":{},\"duration\":24},{\"transform\":{\"skX\":21.9918,\"skY\":21.9918},\"duration\":0}],\"name\":\"y21\"},{\"frame\":[{\"transform\":{},\"duration\":36}],\"name\":\"y32\"},{\"frame\":[{\"tweenEasing\":0,\"transform\":{\"skX\":21.9918,\"skY\":21.9918},\"duration\":24},{\"transform\":{},\"duration\":12}],\"name\":\"y22\"},{\"frame\":[{\"transform\":{},\"duration\":36}],\"name\":\"y12\"},{\"frame\":[{\"tweenEasing\":0,\"transform\":{\"skX\":10.9959,\"skY\":10.9959},\"duration\":36},{\"transform\":{},\"duration\":0}],\"name\":\"y23\"},{\"frame\":[{\"transform\":{},\"duration\":36}],\"name\":\"y33\"},{\"frame\":[{\"transform\":{},\"duration\":36}],\"name\":\"y13\"},{\"frame\":[{\"transform\":{},\"duration\":36}],\"name\":\"y34\"},{\"frame\":[{\"transform\":{},\"duration\":36}],\"name\":\"y24\"}],\"duration\":36,\"ik\":[],\"playTimes\":0,\"name\":\"luoye2\",\"slot\":[{\"frame\":[{\"tweenEasing\":0,\"duration\":28},{\"tweenEasing\":0,\"duration\":8},{\"tweenEasing\":null,\"color\":{\"aM\":0},\"duration\":0}],\"name\":\"y2\"},{\"frame\":[{\"tweenEasing\":null,\"displayIndex\":-1,\"duration\":36}],\"name\":\"y1\"}],\"ffd\":[{\"frame\":[{\"offset\":0,\"tweenEasing\":0,\"vertices\":[],\"duration\":24},{\"offset\":2,\"tweenEasing\":null,\"vertices\":[3.7,-12.5,3.24,-18.01,2.74,-25.25,2.34,-29.46,-3.43,-31.12,-6.69,-31.34,-10.27,-30.52,-9.92,-29,-13.01,-25.54,-13.44,-22,-9.59,-18.13,-8.13,-16.51,-1.74,-10.29,0.48,0.97,-1.43,21.01,-4.97,32.29,-5.41,37.16,-7.48,38.59,-0.61,18.12,4.91,9.69,11.19,4.86,0,0,0,0],\"duration\":12}],\"scale\":1,\"skin\":\"\",\"offset\":0,\"slot\":\"y2\",\"name\":\"y2\"}]},{\"frame\":[],\"bone\":[{\"frame\":[{\"transform\":{},\"duration\":36}],\"name\":\"root\"},{\"frame\":[{\"tweenEasing\":0,\"transform\":{},\"duration\":36},{\"transform\":{},\"duration\":0}],\"name\":\"y3\"},{\"frame\":[{\"transform\":{},\"duration\":36}],\"name\":\"y2\"},{\"frame\":[{\"transform\":{},\"duration\":36}],\"name\":\"y1\"},{\"frame\":[{\"transform\":{},\"duration\":36}],\"name\":\"y11\"},{\"frame\":[{\"tweenEasing\":0,\"transform\":{},\"duration\":10},{\"tweenEasing\":0,\"transform\":{},\"duration\":18},{\"transform\":{\"skX\":30.7368,\"skY\":30.7368},\"duration\":8}],\"name\":\"y31\"},{\"frame\":[{\"transform\":{},\"duration\":36}],\"name\":\"y21\"},{\"frame\":[{\"tweenEasing\":0,\"transform\":{\"skX\":42.9127,\"skY\":42.9127},\"duration\":18},{\"tweenEasing\":0,\"transform\":{},\"duration\":18},{\"transform\":{\"skX\":42.9127,\"skY\":42.9127},\"duration\":0}],\"name\":\"y32\"},{\"frame\":[{\"transform\":{},\"duration\":36}],\"name\":\"y22\"},{\"frame\":[{\"transform\":{},\"duration\":36}],\"name\":\"y12\"},{\"frame\":[{\"transform\":{},\"duration\":36}],\"name\":\"y23\"},{\"frame\":[{\"tweenEasing\":0,\"transform\":{\"skX\":37.1814,\"skY\":37.1814},\"duration\":28},{\"transform\":{},\"duration\":8}],\"name\":\"y33\"},{\"frame\":[{\"transform\":{},\"duration\":36}],\"name\":\"y13\"},{\"frame\":[{\"tweenEasing\":0,\"transform\":{},\"duration\":36},{\"transform\":{},\"duration\":0}],\"name\":\"y34\"},{\"frame\":[{\"transform\":{},\"duration\":36}],\"name\":\"y24\"}],\"duration\":36,\"ik\":[],\"playTimes\":0,\"name\":\"luoye3\",\"slot\":[{\"frame\":[{\"tweenEasing\":null,\"duration\":28},{\"tweenEasing\":0,\"duration\":8},{\"tweenEasing\":null,\"color\":{\"aM\":0},\"duration\":0}],\"name\":\"y3\"},{\"frame\":[{\"tweenEasing\":null,\"displayIndex\":-1,\"duration\":36}],\"name\":\"y1\"}],\"ffd\":[{\"frame\":[{\"offset\":0,\"tweenEasing\":0,\"vertices\":[],\"duration\":30},{\"offset\":2,\"tweenEasing\":null,\"vertices\":[17.05,16.32,20.66,23.1,22.1,21.56,22.46,24.52,24.81,20.84,24.69,17.22,23.07,13.25,18.6,6.41,0,0,0,0,-14.08,-10.26,-21.41,-19.48,-27.35,-25.15,-24.56,-27.68,-16.57,-19.57,-7.43,-7.51,0,0,0,0,0,0],\"duration\":6}],\"scale\":1,\"skin\":\"\",\"offset\":0,\"slot\":\"y3\",\"name\":\"y3\"}]}]}],\"name\":\"luoye\",\"version\":\"5.0\"}"]],0,0,[],[],[]],[[[0,"effect_shake_6",1.0833333333333333,{"paths":{"luoye1":{"props":{"active":[{"frame":0,"value":false},{"frame":0.08333333333333333,"value":true}]}},"luoye2":{"props":{"active":[{"frame":0.6666666666666666,"value":false},{"frame":0.75,"value":true}]}},"luoye3":{"props":{"active":[{"frame":0.4166666666666667,"value":false},{"frame":0.5,"value":true}]}},"luoye4":{"props":{"active":[{"frame":1,"value":false},{"frame":1.0833333333333333,"value":true}]}},"luoye5":{"props":{"active":[{"frame":0.5833333333333334,"value":false},{"frame":0.6666666666666666,"value":true}]}}}}]],0,0,[],[],[]],[[{"name":"prop_rainbow","rect":[0,0,70,71],"offset":[0,0],"originalSize":[70,71],"capInsets":[0,0,0,0]}],[0],0,[0],[0],[8]],[[[0,"effect_shake_5",1.0833333333333333,{"paths":{"luoye1":{"props":{"active":[{"frame":0,"value":false},{"frame":0.08333333333333333,"value":true}]}},"luoye2":{"props":{"active":[{"frame":0.6666666666666666,"value":false},{"frame":0.75,"value":true}]}},"luoye3":{"props":{"active":[{"frame":0.4166666666666667,"value":false},{"frame":0.5,"value":true}]}},"luoye4":{"props":{"active":[{"frame":1,"value":false},{"frame":1.0833333333333333,"value":true}]}},"luoye5":{"props":{"active":[{"frame":0.5833333333333334,"value":false},{"frame":0.6666666666666666,"value":true}]}}}}]],0,0,[],[],[]],[[[0,"UI_gameTop",0.6666666666666666,{"props":{"position":[{"frame":0,"value":[0,927.066,0],"curve":[0.18,0.89,0.31,1.21]},{"frame":0.6666666666666666,"value":[0,552.864,0]}]}}]],0,0,[],[],[]],[[{"name":"sp_board_eage","rect":[1,0,703,714],"offset":[0,0.5],"originalSize":[705,715],"capInsets":[0,0,0,0]}],[0],0,[0],[0],[9]],[[[4,"kuaiFrame"],[5,"kuaiFrame",[-5,-6,-7],[[9,-4,[5,6,7,8,9,10,11],-3,-2]],[10,-1,0],[5,80,80]],[6,"New Sprite(Splash)",100,1,[[11,false,0,-8,[3],4],[14,45,100,100,-9],[15,-10,[[16,"863e3cI9EFE1K37SfSFp0ME","onClickSelf",1]]]],[3,"5440sQaT1NAqnpmWVDqLM/",1,0],[5,80,80]],[8,"splash",0,1,[-11],[3,"efXHrqBRVPv5Ikn4jC7Uqs",1,0],[5,80,80]],[12,0,3,[0]],[7,"k_opacity",false,1,[[13,-12,[1],2]],[3,"6csVKt0a5BspUWVPf2Vk/S",1,0],[5,80,80]]],0,[0,3,1,0,4,2,0,5,4,0,1,1,0,-1,3,0,-2,5,0,-3,2,0,1,2,0,1,2,0,1,2,0,-1,4,0,1,5,0,6,1,12],[0,0,0,0,0,0,0,0,0,0,0,0,4],[-1,-1,2,-1,2,-1,-2,-3,-4,-5,-6,-7,2],[0,0,10,0,11,1,12,13,14,15,16,17,1]],[[[1,"effect_shake_hudie4",2.3333333333333335,[{},"props",11,[{"position":[{"frame":0.3333333333333333,"value":[107.772,684.669,0]},{"frame":2.3333333333333335,"value":[-421.626,466.766,0]}],"opacity":[{"frame":0.3333333333333333,"value":0},{"frame":0.5,"value":255},{"frame":2.1666666666666665,"value":255},{"frame":2.3333333333333335,"value":0}],"angle":[{"frame":0.3333333333333333,"value":112}]},"scale",12,[[[{"frame":0.3333333333333333},"value",8,[1,1,1,1]],[{"frame":2.3333333333333335},"value",8,[1,0.9,0.9,1]]],11,11]]]]],0,0,[],[],[]],[[[1,"effect_shake_hudie2",3,[{},"props",11,[{"position":[{"frame":1,"curve":"linear","value":[416,551],"motionPath":[[226,330,228,520,227,177]]},{"frame":3,"value":[419,134],"motionPath":[]}],"opacity":[{"frame":1,"value":0},{"frame":1.1666666666666667,"value":255},{"frame":2.8333333333333335,"value":255},{"frame":3,"value":0}],"angle":[{"frame":1,"value":100},{"frame":3,"value":255}]},"scale",12,[[[{"frame":1},"value",8,[1,1,1,1]],[{"frame":2},"value",8,[1,1.2,1.2,1]],[{"frame":3},"value",8,[1,1,1,1]]],11,11,11]]]]],0,0,[],[],[]]]]