[1,["8b1lTEAN5CqK+Y972Wqm22"],["_textureSetter"],["cc.SpriteFrame"],0,[[[{"name":"yuanjiaojuxing","rect":[80,3,262,209],"offset":[0,0],"originalSize":[262,209],"capInsets":[50,50,68,54]}],[0],0,[0],[0],[0]],[[{"name":"gantanhao","rect":[3,3,74,74],"offset":[0,0],"originalSize":[74,74],"capInsets":[0,0,0,0]}],[0],0,[0],[0],[0]],[[{"name":"stepshare","rect":[3,437,506,110],"offset":[0,0],"originalSize":[506,110],"capInsets":[0,0,0,0]}],[0],0,[0],[0],[0]],[[{"name":"duanweishengji","rect":[3,215,437,146],"offset":[0,0],"originalSize":[437,146],"capInsets":[0,0,0,0]}],[0],0,[0],[0],[0]],[[{"name":"bgtitle","rect":[3,364,503,70],"offset":[0,0],"originalSize":[503,70],"capInsets":[0,0,0,0]}],[0],0,[0],[0],[0]]]]