[1,0,0,[["cc.JsonAsset",["_name","json"],1]],[[0,0,1,3]],[[0,"level_config2",[{"id":1,"mon_id":3,"mon_hp":80,"color":0},{"id":2,"mon_id":2,"mon_hp":81,"color":0},{"id":3,"mon_id":1,"mon_hp":82,"color":0},{"id":4,"mon_id":0,"mon_hp":83,"color":3},{"id":5,"mon_id":3,"mon_hp":100,"color":0},{"id":6,"mon_id":2,"mon_hp":85,"color":2},{"id":7,"mon_id":1,"mon_hp":86,"color":3},{"id":8,"mon_id":0,"mon_hp":87,"color":4},{"id":9,"mon_id":3,"mon_hp":88,"color":5},{"id":10,"mon_id":2,"mon_hp":105,"color":0},{"id":11,"mon_id":1,"mon_hp":90,"color":2},{"id":12,"mon_id":0,"mon_hp":91,"color":3},{"id":13,"mon_id":3,"mon_hp":92,"color":4},{"id":14,"mon_id":2,"mon_hp":93,"color":5},{"id":15,"mon_id":1,"mon_hp":110,"color":0},{"id":16,"mon_id":0,"mon_hp":95,"color":2},{"id":17,"mon_id":3,"mon_hp":96,"color":3},{"id":18,"mon_id":2,"mon_hp":97,"color":4},{"id":19,"mon_id":1,"mon_hp":98,"color":5},{"id":20,"mon_id":0,"mon_hp":115,"color":0},{"id":21,"mon_id":3,"mon_hp":100,"color":2},{"id":22,"mon_id":2,"mon_hp":101,"color":3},{"id":23,"mon_id":1,"mon_hp":102,"color":4},{"id":24,"mon_id":0,"mon_hp":103,"color":5},{"id":25,"mon_id":3,"mon_hp":120,"color":0},{"id":26,"mon_id":2,"mon_hp":105,"color":2},{"id":27,"mon_id":1,"mon_hp":106,"color":3},{"id":28,"mon_id":0,"mon_hp":107,"color":4},{"id":29,"mon_id":3,"mon_hp":108,"color":5},{"id":30,"mon_id":2,"mon_hp":125,"color":0},{"id":31,"mon_id":1,"mon_hp":110,"color":2},{"id":32,"mon_id":0,"mon_hp":111,"color":3},{"id":33,"mon_id":3,"mon_hp":112,"color":4},{"id":34,"mon_id":2,"mon_hp":113,"color":5},{"id":35,"mon_id":1,"mon_hp":130,"color":0},{"id":36,"mon_id":0,"mon_hp":115,"color":2},{"id":37,"mon_id":3,"mon_hp":116,"color":3},{"id":38,"mon_id":2,"mon_hp":117,"color":4},{"id":39,"mon_id":1,"mon_hp":118,"color":5},{"id":40,"mon_id":0,"mon_hp":135,"color":0},{"id":41,"mon_id":3,"mon_hp":120,"color":2},{"id":42,"mon_id":2,"mon_hp":121,"color":3},{"id":43,"mon_id":1,"mon_hp":122,"color":4},{"id":44,"mon_id":0,"mon_hp":123,"color":5},{"id":45,"mon_id":3,"mon_hp":140,"color":0},{"id":46,"mon_id":2,"mon_hp":125,"color":2},{"id":47,"mon_id":1,"mon_hp":126,"color":3},{"id":48,"mon_id":0,"mon_hp":127,"color":4},{"id":49,"mon_id":3,"mon_hp":128,"color":5},{"id":50,"mon_id":2,"mon_hp":145,"color":0},{"id":51,"mon_id":1,"mon_hp":130,"color":2},{"id":52,"mon_id":0,"mon_hp":131,"color":3},{"id":53,"mon_id":3,"mon_hp":132,"color":4},{"id":54,"mon_id":2,"mon_hp":133,"color":5},{"id":55,"mon_id":1,"mon_hp":160,"color":0},{"id":56,"mon_id":0,"mon_hp":135,"color":2},{"id":57,"mon_id":3,"mon_hp":136,"color":3},{"id":58,"mon_id":2,"mon_hp":137,"color":4},{"id":59,"mon_id":1,"mon_hp":138,"color":5},{"id":60,"mon_id":0,"mon_hp":165,"color":0},{"id":61,"mon_id":3,"mon_hp":140,"color":2},{"id":62,"mon_id":2,"mon_hp":141,"color":3},{"id":63,"mon_id":1,"mon_hp":142,"color":4},{"id":64,"mon_id":0,"mon_hp":143,"color":5},{"id":65,"mon_id":3,"mon_hp":170,"color":0},{"id":66,"mon_id":2,"mon_hp":145,"color":2},{"id":67,"mon_id":1,"mon_hp":146,"color":3},{"id":68,"mon_id":0,"mon_hp":147,"color":4},{"id":69,"mon_id":3,"mon_hp":148,"color":5},{"id":70,"mon_id":2,"mon_hp":175,"color":0},{"id":71,"mon_id":1,"mon_hp":150,"color":2},{"id":72,"mon_id":0,"mon_hp":151,"color":3},{"id":73,"mon_id":3,"mon_hp":152,"color":4},{"id":74,"mon_id":2,"mon_hp":153,"color":5},{"id":75,"mon_id":1,"mon_hp":180,"color":0},{"id":76,"mon_id":0,"mon_hp":155,"color":2},{"id":77,"mon_id":3,"mon_hp":156,"color":3},{"id":78,"mon_id":2,"mon_hp":157,"color":4},{"id":79,"mon_id":1,"mon_hp":158,"color":5},{"id":80,"mon_id":0,"mon_hp":185,"color":0},{"id":81,"mon_id":3,"mon_hp":160,"color":2},{"id":82,"mon_id":2,"mon_hp":161,"color":3},{"id":83,"mon_id":1,"mon_hp":162,"color":4},{"id":84,"mon_id":0,"mon_hp":163,"color":5},{"id":85,"mon_id":3,"mon_hp":190,"color":0},{"id":86,"mon_id":2,"mon_hp":165,"color":2},{"id":87,"mon_id":1,"mon_hp":166,"color":3},{"id":88,"mon_id":0,"mon_hp":167,"color":4},{"id":89,"mon_id":3,"mon_hp":168,"color":5},{"id":90,"mon_id":2,"mon_hp":195,"color":0},{"id":91,"mon_id":1,"mon_hp":170,"color":2},{"id":92,"mon_id":0,"mon_hp":171,"color":3},{"id":93,"mon_id":3,"mon_hp":172,"color":4},{"id":94,"mon_id":2,"mon_hp":173,"color":5},{"id":95,"mon_id":1,"mon_hp":200,"color":0},{"id":96,"mon_id":0,"mon_hp":175,"color":2},{"id":97,"mon_id":3,"mon_hp":176,"color":3},{"id":98,"mon_id":2,"mon_hp":177,"color":4},{"id":99,"mon_id":1,"mon_hp":178,"color":5},{"id":100,"mon_id":0,"mon_hp":555,"color":5}]]],0,0,[],[],[]]