[1,["03yZuyPytG15M8GDukSW6U"],["_texture"],[["dragonBones.DragonBonesAtlasAsset",["_name","_atlasJson"],1]],[[0,0,1,3]],[[0,"xbh_tex","{\"SubTexture\":[{\"width\":128,\"y\":1,\"height\":129,\"name\":\"g3\",\"x\":131},{\"width\":128,\"y\":1,\"height\":129,\"name\":\"g1\",\"x\":1},{\"width\":128,\"y\":1,\"height\":129,\"name\":\"g2\",\"x\":261},{\"width\":52,\"y\":200,\"height\":31,\"name\":\"s15\",\"x\":53},{\"frameX\":0,\"y\":200,\"frameY\":0,\"frameWidth\":50,\"width\":50,\"frameHeight\":34,\"height\":33,\"name\":\"s25\",\"x\":1},{\"frameX\":0,\"y\":1,\"frameY\":-1,\"frameWidth\":50,\"width\":48,\"frameHeight\":34,\"height\":33,\"name\":\"s35\",\"x\":462},{\"width\":33,\"y\":105,\"height\":37,\"name\":\"s24\",\"x\":462},{\"width\":31,\"y\":233,\"height\":22,\"name\":\"s14\",\"x\":53},{\"width\":26,\"y\":132,\"height\":29,\"name\":\"s34\",\"x\":160},{\"width\":27,\"y\":220,\"height\":28,\"name\":\"s33\",\"x\":165},{\"frameX\":-1,\"y\":132,\"frameY\":0,\"frameWidth\":29,\"width\":27,\"frameHeight\":30,\"height\":28,\"name\":\"s13\",\"x\":131},{\"frameX\":-1,\"y\":220,\"frameY\":0,\"frameWidth\":28,\"width\":27,\"frameHeight\":28,\"height\":28,\"name\":\"s23\",\"x\":194},{\"width\":56,\"y\":161,\"height\":26,\"name\":\"s32\",\"x\":72},{\"frameX\":0,\"y\":220,\"frameY\":0,\"frameWidth\":33,\"width\":33,\"frameHeight\":35,\"height\":34,\"name\":\"s12\",\"x\":130},{\"width\":57,\"y\":132,\"height\":27,\"name\":\"s22\",\"x\":72},{\"frameX\":0,\"y\":36,\"frameY\":-1,\"frameWidth\":41,\"width\":41,\"frameHeight\":35,\"height\":32,\"name\":\"s21\",\"x\":462},{\"frameX\":-1,\"y\":189,\"frameY\":-3,\"frameWidth\":41,\"width\":39,\"frameHeight\":35,\"height\":29,\"name\":\"s31\",\"x\":107},{\"frameX\":-1,\"y\":70,\"frameY\":0,\"frameWidth\":41,\"width\":39,\"frameHeight\":35,\"height\":33,\"name\":\"s11\",\"x\":462},{\"width\":69,\"y\":69,\"height\":66,\"name\":\"x2\",\"x\":391},{\"width\":69,\"y\":1,\"height\":66,\"name\":\"x1\",\"x\":391},{\"width\":69,\"y\":132,\"height\":66,\"name\":\"x3\",\"x\":1}],\"width\":512,\"imagePath\":\"xbh_tex.png\",\"height\":257,\"name\":\"xbh\"}"]],0,0,[0],[0],[0]]