[1,["6bhE8YiWdEdq26iyaHEteg","598dKw3nxKRJzo7Ect+yVa","052BlxmuZL0JUPxWRDJZh2","4fX4rF1KhOX6IccaBaL8cc","94YdxEGL9IfrtteTtS49pI","69cj/GYudA1JEaFAXyP8d6","27yZye7ydCJ7ADQLSvhfYp","8b0nYgIs5JeIohGbqLEHHZ"],["value"],[["cc.AnimationClip",["_name","_duration","events","curveData"],0,11]],[[0,0,1,2,3,4]],[[0,"monster0move",1.85,[{"frame":1.8333333333333333,"func":"beHitFinish","params":[]}],[{"props":{}},"comps",11,[{},"cc.Sprite",11,[{},"spriteFrame",12,[[[{"frame":0},"value",6,0],[{"frame":0.16666666666666666},"value",6,1],[{"frame":0.3333333333333333},"value",6,2],[{"frame":0.5},"value",6,3],[{"frame":0.6666666666666666},"value",6,4],[{"frame":0.8333333333333334},"value",6,5],[{"frame":1},"value",6,6],[{"frame":1.1666666666666667},"value",6,7],[{"frame":1.3333333333333333},"value",6,8],[{"frame":1.5},"value",6,9],[{"frame":1.6666666666666667},"value",6,10],[{"frame":1.8333333333333333},"value",6,11]],11,11,11,11,11,11,11,11,11,11,11,11]]]]]],0,0,[0,0,0,0,0,0,0,0,0,0,0,0],[0,0,0,0,0,0,0,0,0,0,0,0],[0,1,2,3,4,5,6,7,0,1,2,3]]