[1,["14lK0+3a1MsapdFMUwwwXA"],["_texture"],[["dragonBones.DragonBonesAtlasAsset",["_name","_atlasJson"],1]],[[0,0,1,3]],[[0,"xindong_tex","{\"imagePath\":\"xindong_tex.png\",\"width\":467,\"height\":435,\"name\":\"xindong\",\"SubTexture\":[{\"width\":284,\"y\":1,\"height\":282,\"name\":\"h1\",\"x\":1},{\"width\":139,\"y\":285,\"height\":122,\"name\":\"h7\",\"x\":171},{\"width\":168,\"y\":285,\"height\":148,\"name\":\"h4\",\"x\":1},{\"width\":139,\"y\":285,\"height\":122,\"name\":\"h3\",\"x\":312},{\"width\":37,\"y\":1,\"height\":37,\"name\":\"h2\",\"x\":428},{\"width\":139,\"y\":1,\"height\":122,\"name\":\"h6\",\"x\":287},{\"width\":139,\"y\":125,\"height\":122,\"name\":\"h5\",\"x\":287}]}"]],0,0,[0],[0],[0]]