[1,["85O1WmLdxM0b87ACqiQ7JU"],["_textureSetter"],["cc.SpriteFrame"],0,[[[{"name":"mon3stand4","rect":[611,2,209,177],"offset":[0,0],"originalSize":[209,177],"capInsets":[0,0,0,0]}],[0],0,[0],[0],[0]],[[{"name":"mon3stand5","rect":[2,181,209,177],"offset":[0,0],"originalSize":[209,177],"capInsets":[0,0,0,0]}],[0],0,[0],[0],[0]],[[{"name":"mon3stand2","rect":[189,2,209,177],"offset":[0,0],"originalSize":[209,177],"capInsets":[0,0,0,0]}],[0],0,[0],[0],[0]],[[{"name":"mon3stand6","rect":[213,181,209,177],"offset":[0,0],"originalSize":[209,177],"capInsets":[0,0,0,0]}],[0],0,[0],[0],[0]],[[{"name":"mon3stand7","rect":[2,360,209,177],"offset":[0,0],"originalSize":[209,177],"capInsets":[0,0,0,0]}],[0],0,[0],[0],[0]],[[{"name":"mon3stand1","rect":[424,181,209,177],"offset":[0,0],"originalSize":[209,177],"capInsets":[0,0,0,0]}],[0],0,[0],[0],[0]],[[{"name":"mon3stand3","rect":[400,2,209,177],"offset":[0,0],"originalSize":[209,177],"capInsets":[0,0,0,0]}],[0],0,[0],[0],[0]]]]