[1,["ecpdLyjvZBwrvm+cedCcQy","43rIOkAtRNGYsWo0BWRBpx","c4LdGs5/hB84qET06WGi7N","57sv5qVHlNi5wzrsuXNYgF","d6/q9Im7BNxJ4EqMGrE8j1","812RCC8uxGTpxs0tuAFjx6","d8+WF0rj1JYJB1wmK7424y","9bM3L71z5ASIhW1ON2FYOh","d0cUxh8O1LGoTE43m0EIwH","e9r8hhL7dKiqLCr73fQoHX","a0wne+udhDDqhcSpiWvg2m","93YHU5bqpCF7EY8mIKwX8x","9dGfhkskZPOp8ku3fHKOyQ","56Sc3/LyFMEZzlAn3Pms2f","f4nkfQw/BOL5J9sWPo0zzh","a2MjXRFdtLlYQ5ouAFv/+R","20IzHxJYJKm6dQ2r64HIIg","3aCSt1CWxBGbm/IP+LCf6v","02Ry1bxONA8aTlKyhkhTby","5fgSeb7YVN9IBEmDFS+/JL","e9ZOtGI2NNG6TbY1yas+RY","b7YGpJQXFLaa6P8F5upd4K","176OsVhYNLeoyaKbCrsW9d","577viJMd5CibW+I/0vmfu9","bfZIDE5ltCWJ6k53ibrB1t","1eNbcAZX5Bbr2VZYp071Nm","d2T/aNnzJMBbhi0UkW1mE2","62Iek40iRBRLnEZCyLLQET","cfHVmzqKJHb6cm5ro9p149"],["node","_spriteFrame","_textureSetter","root","_defaultClip","_file","btn_change","btn_lookAD","btnCloseQQ","data","_N$dragonAsset","_N$dragonAtlasAsset","spriteFrame","_texture"],["cc.SpriteFrame",["cc.Node",["_name","_opacity","_active","_components","_prefab","_trs","_parent","_contentSize","_children","_color","_anchorPoint"],0,9,4,7,1,5,2,5,5],["cc.PrefabInfo",["fileId","root","asset"],2,1,1],["cc.Sprite",["_sizeMode","_type","node","_materials","_spriteFrame"],1,1,3,6],["cc.Widget",["_alignFlags","_top","_bottom","_originalWidth","_originalHeight","node"],-2,1],["cc.Label",["_string","_N$horizontalAlign","_N$verticalAlign","_fontSize","node","_materials"],-1,1,3],["dragonBones.DragonBonesAsset",["_name","_dragonBonesJson"],1],["cc.AnimationClip",["_name","_duration","wrapMode","curveData"],0,11],["cc.AnimationClip",["_name","_duration","curveData"],0],["cc.Prefab",["_name"],2],["e5686QCEHVDqJkL7XzAd2u2",["node","btnCloseQQ","btn_lookAD","btn_change"],3,1,1,1,1],["cc.Animation",["playOnLoad","node","_clips","_defaultClip"],2,1,3,6],["cc.Button",["_N$transition","node","clickEvents"],2,1,9],["cc.ClickEvent",["_componentId","handler","target"],1,1],["7f04ddukd9GuqyIjLPfRcSl",["node"],3,1],["cc.BlockInputEvents",["node"],3,1],["cc.LabelOutline",["_width","node","_color"],2,1,5],["cc.LabelShadow",["_blur","node","_color","_offset"],2,1,5,5],["58914SLFnpEyIYKeURv5sqS",["node"],3,1],["cc.ParticleSystem",["_dstBlendFactor","_custom","totalParticles","emissionRate","life","lifeVar","angleVar","startSize","startSizeVar","endSize","endSizeVar","startSpinVar","endSpinVar","_positionType","speed","speedVar","tangentialAccel","node","_materials","_startColor","_startColorVar","_endColor","_endColorVar","posVar","_file","_spriteFrame"],-14,1,3,8,8,8,8,5,6,6],["dragonBones.ArmatureDisplay",["_armatureName","_animationName","_preCacheMode","_armatureKey","node","_materials","_N$dragonAsset","_N$dragonAtlasAsset"],-1,1,3,6,6],["cc.ParticleAsset",["_name","_native"],1],["dragonBones.DragonBonesAtlasAsset",["_name","_atlasJson"],1]],[[2,0,1,2],[3,2,3,4,1],[1,0,6,3,4,7,5,2],[2,0,1,2,2],[1,0,6,8,3,4,7,5,2],[11,0,1,2,3,2],[12,0,1,2,2],[13,0,1,2,3],[5,0,3,1,2,4,5,5],[7,0,1,2,3,4],[1,0,6,8,3,4,5,2],[1,0,6,3,4,5,2],[1,0,6,3,4,7,10,5,2],[14,0,1],[16,0,1,2,2],[17,0,1,2,3,2],[19,0,1,2,3,4,5,6,7,8,9,10,11,12,13,14,15,16,17,18,19,20,21,22,23,24,25,18],[6,0,1,3],[8,0,1,2,4],[9,0,2],[1,0,8,3,4,7,5,2],[1,0,1,6,3,4,9,7,3],[1,0,6,3,4,9,7,5,2],[1,0,2,6,3,4,7,5,3],[10,0,1,2,3,1],[4,0,5,2],[4,0,1,2,3,4,5,6],[2,1,2,1],[3,0,2,3,4,2],[3,1,0,2,3,4,3],[15,0,1],[5,0,1,2,4,5,4],[18,0,1],[20,0,1,2,3,4,5,6,7,5],[21,0,1,3],[22,0,1,3]],[[[{"name":"k0","rect":[0,0,80,80],"offset":[0,0],"originalSize":[80,80],"capInsets":[0,0,0,0]}],[0],0,[0],[2],[9]],[[{"name":"btn_close","rect":[0,0,95,88],"offset":[0,0],"originalSize":[95,88],"capInsets":[0,0,0,0]}],[0],0,[0],[2],[10]],[[{"name":"dikuang","rect":[0,0,568,260],"offset":[0,0],"originalSize":[568,260],"capInsets":[0,173,0,58]}],[0],0,[0],[2],[11]],[[{"name":"sp_ui_change","rect":[1,26,323,44],"offset":[-2,-5.5],"originalSize":[329,85],"capInsets":[0,0,0,0]}],[0],0,[0],[2],[12]],[[{"name":"guang2","rect":[0,0,100,33],"offset":[0,0],"originalSize":[100,33],"capInsets":[0,0,0,0]}],[0],0,[0],[2],[13]],[[{"name":"icon_video","rect":[0,0,56,43],"offset":[0,0],"originalSize":[56,43],"capInsets":[0,0,0,0]}],[0],0,[0],[2],[14]],[[[17,"xuanzhuan_ske","{\"frameRate\":24,\"isGlobal\":0,\"armature\":[{\"ik\":[],\"type\":\"Armature\",\"frameRate\":24,\"animation\":[{\"ffd\":[],\"playTimes\":0,\"ik\":[],\"duration\":110,\"frame\":[],\"bone\":[{\"frame\":[{\"transform\":{},\"duration\":110}],\"name\":\"root\"},{\"frame\":[{\"tweenEasing\":0,\"transform\":{},\"duration\":30},{\"tweenEasing\":0,\"transform\":{},\"duration\":32},{\"tweenEasing\":0,\"transform\":{},\"duration\":5},{\"tweenEasing\":0,\"transform\":{\"y\":-76.1081},\"duration\":18},{\"tweenEasing\":0,\"transform\":{\"y\":-76.1081},\"duration\":8},{\"tweenEasing\":0,\"transform\":{\"y\":-76.1081},\"duration\":17},{\"transform\":{\"y\":-76.1081},\"duration\":0}],\"name\":\"7\"},{\"frame\":[{\"tweenEasing\":0,\"transform\":{},\"duration\":5},{\"tweenEasing\":0,\"transform\":{\"x\":-75.7516},\"duration\":31},{\"tweenEasing\":0,\"transform\":{\"x\":-75.7516},\"duration\":5},{\"tweenEasing\":0,\"transform\":{\"x\":0.0857},\"duration\":17},{\"tweenEasing\":0,\"transform\":{\"x\":0.0857},\"duration\":27},{\"tweenEasing\":0,\"transform\":{\"x\":0.0857},\"duration\":5},{\"tweenEasing\":0,\"transform\":{\"x\":76.0132},\"duration\":3},{\"tweenEasing\":0,\"transform\":{\"x\":76.0132},\"duration\":17},{\"transform\":{\"x\":76.0132},\"duration\":0}],\"name\":\"71\"},{\"frame\":[{\"transform\":{},\"duration\":6},{\"tweenEasing\":0,\"transform\":{},\"duration\":5},{\"tweenEasing\":0,\"transform\":{\"x\":-75.9874},\"duration\":19},{\"tweenEasing\":0,\"transform\":{\"x\":-75.9874},\"duration\":5},{\"tweenEasing\":0,\"transform\":{\"x\":-151.7845},\"duration\":23},{\"tweenEasing\":0,\"transform\":{\"x\":-151.7845},\"duration\":5},{\"tweenEasing\":0,\"transform\":{\"y\":76.1422,\"x\":-151.7845},\"duration\":22},{\"tweenEasing\":0,\"transform\":{\"y\":76.1422,\"x\":-151.7845},\"duration\":4},{\"tweenEasing\":0,\"transform\":{\"y\":-0.0565,\"x\":-151.7845},\"duration\":5},{\"tweenEasing\":0,\"transform\":{\"y\":-0.0565,\"x\":-76.015},\"duration\":16},{\"transform\":{\"y\":-0.0565,\"x\":-76.015},\"duration\":0}],\"name\":\"72\"},{\"frame\":[{\"transform\":{},\"duration\":3},{\"tweenEasing\":0,\"transform\":{},\"duration\":5},{\"tweenEasing\":0,\"transform\":{\"y\":76.1551},\"duration\":25},{\"tweenEasing\":0,\"transform\":{\"y\":76.1551},\"duration\":5},{\"tweenEasing\":0,\"transform\":{\"y\":-0.033},\"duration\":20},{\"tweenEasing\":0,\"transform\":{\"y\":-0.033},\"duration\":27},{\"tweenEasing\":0,\"transform\":{\"y\":-0.033},\"duration\":5},{\"tweenEasing\":0,\"transform\":{\"y\":76.1279},\"duration\":3},{\"tweenEasing\":0,\"transform\":{\"y\":76.1279},\"duration\":17},{\"transform\":{\"y\":76.1279},\"duration\":0}],\"name\":\"721\"}],\"slot\":[],\"name\":\"newAnimation\"}],\"defaultActions\":[{\"gotoAndPlay\":\"newAnimation\"}],\"bone\":[{\"name\":\"root\",\"transform\":{\"scX\":0.7911,\"scY\":0.7911}},{\"length\":20,\"transform\":{\"skX\":0.9663,\"y\":38.2807,\"skY\":0.9663,\"x\":38.2807},\"parent\":\"root\",\"name\":\"7\"},{\"length\":20,\"transform\":{\"skX\":0.9663,\"y\":38.2807,\"skY\":0.9663,\"x\":-37.7512},\"parent\":\"root\",\"name\":\"71\"},{\"length\":20,\"transform\":{\"skX\":0.9663,\"y\":-37.8581,\"skY\":0.9663,\"x\":38.2807},\"parent\":\"root\",\"name\":\"72\"},{\"length\":20,\"transform\":{\"skX\":0.9663,\"y\":-37.8581,\"skY\":0.9663,\"x\":-37.7092},\"parent\":\"root\",\"name\":\"721\"}],\"aabb\":{\"width\":136.15032919153754,\"y\":-67.9502867345671,\"height\":136.2348816318655,\"x\":-67.86573429423916},\"slot\":[{\"name\":\"7\",\"parent\":\"7\",\"color\":{}},{\"z\":1,\"name\":\"71\",\"parent\":\"71\",\"color\":{}},{\"z\":2,\"name\":\"72\",\"parent\":\"72\",\"color\":{}},{\"z\":3,\"name\":\"721\",\"parent\":\"721\",\"color\":{}},{\"z\":4,\"displayIndex\":-1,\"name\":\"7 拷贝 2\",\"parent\":\"root\",\"color\":{}}],\"name\":\"Armature\",\"skin\":[{\"slot\":[{\"display\":[{\"path\":\"7\",\"type\":\"image\",\"name\":\"7\",\"transform\":{\"skX\":-0.9663,\"skY\":-0.9663}}],\"name\":\"721\"},{\"display\":[{\"path\":\"7\",\"type\":\"image\",\"name\":\"7\",\"transform\":{\"skX\":-0.9663,\"skY\":-0.9663}}],\"name\":\"7\"},{\"display\":[],\"name\":\"7 拷贝 2\"},{\"display\":[{\"path\":\"7\",\"type\":\"image\",\"name\":\"7\",\"transform\":{\"skX\":-0.9663,\"skY\":-0.9663}}],\"name\":\"71\"},{\"display\":[{\"path\":\"7\",\"type\":\"image\",\"name\":\"7\",\"transform\":{\"skX\":-0.9663,\"skY\":-0.9663}}],\"name\":\"72\"}],\"name\":\"\"}]}],\"name\":\"xuanzhuan\",\"version\":\"5.0\"}"]],0,0,[],[],[]],[[[9,"pushChange1",1.6666666666666667,2,[{},"paths",11,[{"xuanzhuan_ske":{"props":{"position":[{"frame":1.6666666666666667,"value":[25,0,0]}]}}},"sg2",11,[{},"props",11,[{},"scale",12,[[[{"frame":0.9166666666666666},"value",8,[1,0,0,1]],[{"frame":1.0833333333333333},"value",8,[1,0.8,0.8,1]],[{"frame":1.25},"value",8,[1,0,0,1]]],11,11,11]]],"sg1",11,[{},"props",11,[{},"scale",12,[[[{"frame":0.8333333333333334},"value",8,[1,0,0,1]],[{"frame":1},"value",8,[1,0.8,0.8,1]],[{"frame":1.1666666666666667},"value",8,[1,0,0,1]]],11,11,11]]],"guang",11,[{},"props",11,[{"opacity":[{"frame":0.6666666666666666,"value":0},{"frame":0.75,"value":255},{"frame":1,"value":255},{"frame":1.1666666666666667,"value":0}]},"scale",12,[[[{"frame":0.6666666666666666},"value",8,[1,2.2,1,1.11111]],[{"frame":1},"value",8,[1,2.2,6,1.11111]]],11,11]]],"sg3",11,[{},"props",11,[{},"scale",12,[[[{"frame":0.8833333333333333},"value",8,[1,0,0,1]],[{"frame":1.05},"value",8,[1,0.8,0.8,1]],[{"frame":1.2166666666666666},"value",8,[1,0,0,1]]],11,11,11]]],"sg4",11,[{},"props",11,[{},"scale",12,[[[{"frame":1},"value",8,[1,0,0,1]],[{"frame":1.1666666666666667},"value",8,[1,0.8,0.8,1]],[{"frame":1.3333333333333333},"value",8,[1,0,0,1]]],11,11,11]]]]]]],0,0,[],[],[]],[[[18,"UI_rebornlabel",7,{"props":{"opacity":[{"frame":0,"value":0},{"frame":1,"value":255},{"frame":6,"value":255},{"frame":7,"value":0}]}}]],0,0,[],[],[]],[[[19,"pushChange"],[20,"pushChange",[-7,-8,-9,-10,-11,-12,-13,-14,-15,-16,-17],[[24,-5,-4,-3,-2],[25,45,-6]],[27,-1,0],[5,720,1280],[360,640,0,0,0,0,1,1,1,1]],[10,"block1",1,[-20,-21,-22,-23,-24,-25,-26],[[5,true,-19,[36],35]],[0,"f9CR32gclIYIBeDufRHNT1",-18],[0,125,0,0,0,0,1,1,1,1]],[10,"block0",1,[-29,-30,-31,-32,-33],[[5,true,-28,[18],17]],[0,"0ev+jyaSZJKJ8x86MXfo0S",-27],[-170,125,0,0,0,0,1,1,1,1]],[10,"block2",1,[-36,-37,-38,-39,-40],[[5,true,-35,[49],48]],[0,"16Ojdlp7FAkaYfr4cpInYD",-34],[170,125,0,0,0,0,1,1,1,1]],[4,"btnChange",1,[-43,-44],[[1,-41,[59],60],[6,3,-42,[[7,"e5686QCEHVDqJkL7XzAd2u2","onClickChange",1]]]],[3,"c6JkN52fBJwKDNGfHgRMGL",1,0],[5,329,91],[0,-80,0,0,0,0,1,1,1,0]],[4,"btnLookAD",1,[-48],[[1,-45,[62],63],[6,3,-46,[[7,"e5686QCEHVDqJkL7XzAd2u2","onClickLookAD",1]]],[13,-47]],[3,"298kyyA4VPf4+Rdh+cFzuj",1,0],[5,329,91],[0,-180,0,0,0,0,1,1,1,0]],[4,"btnCloseQQ",1,[-52],[[1,-49,[65],66],[6,3,-50,[[7,"e5686QCEHVDqJkL7XzAd2u2","onClickClose",1]]],[13,-51]],[3,"897fsU62FJ9rv1cziYA304",1,0],[5,329,91],[0,-180,0,0,0,0,1,1,1,0]],[21,"mask",150,1,[[28,0,-53,[0],1],[26,45,-200,-200,720,1680,-54],[30,-55]],[3,"a5rsvFTqdDWJUF8MzC1oHB",1,0],[4,4278190080],[5,720,1680]],[2,"btnClose",1,[[1,-56,[53],54],[6,3,-57,[[7,"e5686QCEHVDqJkL7XzAd2u2","onClickClose",1]]],[13,-58]],[3,"6957Z3VjlL4KvkxQSuwwgw",1,0],[5,95,88],[-220,316,0,0,0,0,1,1,1,0]],[2,"New Label",5,[[8,"Replace",36,1,1,-59,[55]],[14,3,-60,[4,4294607937]],[15,4,-61,[4,4278190080],[0,2,-2]]],[3,"cfW2OMkktKwJX6W/fJsAHe",1,0],[5,138.08,56.4],[0,2,0,0,0,0,1,1,1,1]],[4,"icon_video",5,[-64],[[1,-62,[57],58],[32,-63]],[3,"dalrPJ1MhCCZIWqtiRUE/F",1,0],[5,56,43],[-100,-2,0,0,0,0,1,1,1,1]],[2,"New Label",6,[[8,"查 看 广 告",36,1,1,-65,[61]],[15,4,-66,[4,4278190080],[0,2,-2]],[14,3,-67,[4,4279016448]]],[3,"22hzmXMbpMn419a45bF8JF",1,0],[5,180.01,56.4],[0,2,0,0,0,0,1,1,1,1]],[2,"New Label",7,[[8,"Close",36,1,1,-68,[64]],[15,4,-69,[4,4278190080],[0,2,-2]],[14,3,-70,[4,4279016448]]],[3,"85xRAzWsRK3Jel7vPzDoQ6",1,0],[5,98.04,56.4],[0,2,0,0,0,0,1,1,1,1]],[22,"Label4",1,[[8,"Watch out! Pick new cubes",38,1,1,-71,[50]],[5,true,-72,[52],51]],[3,"9aThsyNQxLo4iEh83g4P4q",1,0],[4,4294956025],[5,454.79,50.4],[0,21.885,0,0,0,0,1,1,1,1]],[2,"dikuang",1,[[29,1,0,-73,[2],3]],[3,"21BnC7Ia1NMYxZSCbTI19B",1,0],[5,568,400],[0,175,0,0,0,0,1,1,1,1]],[2,"biaoti",1,[[1,-74,[4],5]],[3,"6aVt7n32lE+a+qp/P19OVy",1,0],[5,323,44],[0,320,0,0,0,0,1,1,1,1]],[2,"k5",3,[[1,-75,[6],7]],[0,"433i7OZ6dPJr2iNzE34hYk",3],[5,80,80],[0,0,0,0,0,0,1,0.8,0.8,1]],[2,"sg2",3,[[1,-76,[8],9]],[0,"3bEzGYGutJ+6QRAo9Pd+jF",3],[5,109,108],[17.966,19.272,0,0,0,0,1,0.8,0.8,1]],[2,"sg1",3,[[1,-77,[10],11]],[0,"05iN9LLUJECptyaF1rqi/L",3],[5,109,108],[-15.79,-21.514,0,0,0,0,1,0.8,0.8,1]],[11,"Particle",3,[[16,1,true,200,25,0.20000000298023224,0.5,0,20,15,15,10,360,360,1,300,0,0,-78,[12],[4,4294967295],[4,0],[4,4294967295],[4,4278190080],[0,30,0],13,14]],[0,"79FDROCENNHbipZBUU98lK",3],[0,-25,0,0,0,0,1,1,1,1]],[12,"guang",3,[[1,-79,[15],16]],[0,"09yLR6fbRMQYvRQIh1D1pm",3],[5,100,33],[0,0.5,0],[0,-45.215,0,0,0,0,1,0.8,1,1.11111]],[2,"xuanzhuan_ske",2,[[33,"Armature","newAnimation",0,"5f81279b-ed85-4df4-8044-983152fbf24b#e964eb46-2363-4d1b-a4db-635c9ab3e458",-80,[19],20,21]],[0,"f7wvvcGppPe6pWARCkh2o/",2],[5,136.15032919153754,136.2348816318655],[25,0,0,0,0,0,1,1,1,1]],[2,"sg4",2,[[1,-81,[22],23]],[0,"4bXzCJYnxI5IU2/AOO6nDy",2],[5,109,108],[71.611,46.645,0,0,0,0,1,0.8,0.8,1]],[2,"sg3",2,[[1,-82,[24],25]],[0,"fcFrl5BV5EhqXZq9cN/TKk",2],[5,109,108],[71.611,46.645,0,0,0,0,1,0.8,0.8,1]],[2,"sg2",2,[[1,-83,[26],27]],[0,"7ciBJJLGFDGpUxvCfuymR9",2],[5,109,108],[71.611,46.645,0,0,0,0,1,0.8,0.8,1]],[2,"sg1",2,[[1,-84,[28],29]],[0,"3eJEioaWdIjpIWy1sr2gMH",2],[5,109,108],[-65.85,-26.799,0,0,0,0,1,0.8,0.8,1]],[11,"Particle",2,[[16,1,true,200,25,0.20000000298023224,0.5,0,20,15,15,10,360,360,1,300,0,0,-85,[30],[4,4294967295],[4,0],[4,4294967295],[4,4278190080],[0,90,0],31,32]],[0,"431XwLJUFDSajhUdnGFOIT",2],[0,-50,0,0,0,0,1,1,1,1]],[12,"guang",2,[[1,-86,[33],34]],[0,"2cbVrbpptEvb5BQyujuexl",2],[5,100,33],[0,0.5,0],[0,-68.835,0,0,0,0,1,2,1,1.11111]],[2,"k5",4,[[1,-87,[37],38]],[0,"a9u5dOifBGl43/Ifm3WH6C",4],[5,80,80],[0,0,0,0,0,0,1,0.8,0.8,1]],[2,"sg2",4,[[1,-88,[39],40]],[0,"c0VzaPWDFJG5xqDpOh35uH",4],[5,109,108],[22.337,21.435,0,0,0,0,1,0.8,0.8,1]],[2,"sg1",4,[[1,-89,[41],42]],[0,"fbZydthOJImYl5Cy361C/8",4],[5,109,108],[-25.17,-27.372,0,0,0,0,1,0.8,0.8,1]],[11,"Particle",4,[[16,1,true,200,25,0.20000000298023224,0.5,0,20,15,15,10,360,360,1,300,0,0,-90,[43],[4,4294967295],[4,0],[4,4294967295],[4,4278190080],[0,30,0],44,45]],[0,"14tmQw9xtGmZ4iz+TpQr8R",4],[0,-25,0,0,0,0,1,1,1,1]],[12,"guang",4,[[1,-91,[46],47]],[0,"15uetUYtxFM47Qq19igk2F",4],[5,100,33],[0,0.5,0],[0,-44.198,0,0,0,0,1,0.8,0.8,1.11111]],[23,"iconAD",false,11,[[31,"AD",1,1,-92,[56]]],[3,"bbaxkaPf5Be6by2YQtEt/q",1,0],[5,55.57,50.4],[0,2,0,0,0,0,1,1,1,1]]],0,[0,3,1,0,6,5,0,7,6,0,8,7,0,0,1,0,0,1,0,-1,8,0,-2,15,0,-3,16,0,-4,3,0,-5,2,0,-6,4,0,-7,14,0,-8,9,0,-9,5,0,-10,6,0,-11,7,0,3,2,0,0,2,0,-1,22,0,-2,23,0,-3,24,0,-4,25,0,-5,26,0,-6,27,0,-7,28,0,3,3,0,0,3,0,-1,17,0,-2,18,0,-3,19,0,-4,20,0,-5,21,0,3,4,0,0,4,0,-1,29,0,-2,30,0,-3,31,0,-4,32,0,-5,33,0,0,5,0,0,5,0,-1,10,0,-2,11,0,0,6,0,0,6,0,0,6,0,-1,12,0,0,7,0,0,7,0,0,7,0,-1,13,0,0,8,0,0,8,0,0,8,0,0,9,0,0,9,0,0,9,0,0,10,0,0,10,0,0,10,0,0,11,0,0,11,0,-1,34,0,0,12,0,0,12,0,0,12,0,0,13,0,0,13,0,0,13,0,0,14,0,0,14,0,0,15,0,0,16,0,0,17,0,0,18,0,0,19,0,0,20,0,0,21,0,0,22,0,0,23,0,0,24,0,0,25,0,0,26,0,0,27,0,0,28,0,0,29,0,0,30,0,0,31,0,0,32,0,0,33,0,0,34,0,9,1,92],[0,0,0,0,0,0,0,0,0,0,0,0,0,0,0,0,0,0,0,0,0,0,0,0,0,0,0,0,0,0,0,0,0,0,0,0,0,0,0,0,0,0,0,0,0,0,0,0,0,0,0,0,0,0,0,0,0,0,0,0,0,0,0,0,0,0,0],[-1,1,-1,1,-1,1,-1,1,-1,1,-1,1,-1,5,1,-1,1,4,-1,-1,10,11,-1,1,-1,1,-1,1,-1,1,-1,5,1,-1,1,4,-1,-1,1,-1,1,-1,1,-1,5,1,-1,1,4,-1,-1,4,-1,-1,1,-1,-1,-1,1,-1,1,-1,-1,1,-1,-1,1],[0,15,0,16,0,17,0,18,0,1,0,1,0,2,1,0,3,4,4,0,19,20,0,1,0,1,0,1,0,1,0,2,1,0,3,5,5,0,21,0,1,0,1,0,2,1,0,3,6,6,0,7,7,0,22,0,0,0,23,0,24,0,0,8,0,0,8]],[[{"name":"k5","rect":[0,0,80,80],"offset":[0,0],"originalSize":[80,80],"capInsets":[0,0,0,0]}],[0],0,[0],[2],[25]],[[{"name":"btn_blue","rect":[0,0,329,91],"offset":[0,0],"originalSize":[329,91],"capInsets":[0,0,0,0]}],[0],0,[0],[2],[26]],[[[34,"xingxing",".plist"],-1],0,0,[0],[12],[1]],[[{"name":"btn_green","rect":[0,0,329,91],"offset":[0,0],"originalSize":[329,91],"capInsets":[0,0,0,0]}],[0],0,[0],[2],[27]],[[[9,"pushChange0",1.6666666666666667,2,[{},"paths",11,[{"k5":{"props":{"position":[{"frame":1.6666666666666667,"value":[0,0,0]}]}}},"guang",11,[{},"props",11,[{"opacity":[{"frame":0.3333333333333333,"value":0},{"frame":0.4166666666666667,"value":255},{"frame":0.5833333333333334,"value":255},{"frame":0.75,"value":0}]},"scale",12,[[[{"frame":0.3333333333333333},"value",8,[1,0.8,1,1.11111]],[{"frame":0.5833333333333334},"value",8,[1,0.8,3,1.11111]]],11,11]]],"sg2",11,[{},"props",11,[{},"scale",12,[[[{"frame":0.6666666666666666},"value",8,[1,0,0,1]],[{"frame":0.8333333333333334},"value",8,[1,0.8,0.8,1]],[{"frame":1},"value",8,[1,0,0,1]]],11,11,11]]],"sg1",11,[{},"props",11,[{},"scale",12,[[[{"frame":0.5},"value",8,[1,0,0,1]],[{"frame":0.6666666666666666},"value",8,[1,0.8,0.8,1]],[{"frame":0.8333333333333334},"value",8,[1,0,0,1]]],11,11,11]]]]]]],0,0,[],[],[]],[[[9,"pushChange2",1.6666666666666667,2,[{},"paths",11,[{},"guang",11,[{},"props",11,[{"opacity":[{"frame":1,"value":0},{"frame":1.0833333333333333,"value":255},{"frame":1.3333333333333333,"value":255},{"frame":1.5,"value":0}]},"scale",12,[[[{"frame":1},"value",8,[1,0.8,1,1.11111]],[{"frame":1.3333333333333333},"value",8,[1,0.8,3,1.11111]]],11,11]]],"sg2",11,[{},"props",11,[{},"scale",12,[[[{"frame":1.3333333333333333},"value",8,[1,0,0,1]],[{"frame":1.5},"value",8,[1,0.8,0.8,1]],[{"frame":1.6666666666666667},"value",8,[1,0,0,1]]],11,11,11]]],"sg1",11,[{},"props",11,[{},"scale",12,[[[{"frame":1.1666666666666667},"value",8,[1,0,0,1]],[{"frame":1.3333333333333333},"value",8,[1,0.8,0.8,1]],[{"frame":1.5},"value",8,[1,0,0,1]]],11,11,11]]]]]]],0,0,[],[],[]],[[[35,"xuanzhuan_tex","{\"SubTexture\":[{\"width\":76,\"y\":1,\"height\":76,\"name\":\"7\",\"x\":1}],\"width\":79,\"height\":79,\"name\":\"xuanzhuan\",\"imagePath\":\"xuanzhuan_tex.png\"}"]],0,0,[0],[13],[28]]]]