[1,["38VP5BoMNN0JM23tG86HRh","2chIOtFZhP5LDgulbld9gE","12afMK9pVI46LWIyOzrchK","a1Zh0fmQ9Kl418mHkHmoSh","42gss1FBhIUKst6xOx8mWp","3b5lFHVvdP643AbY+JHSqx","93n3msB4FKG4gUaFZMriAV","2clg9ZrXxJY57tBXR0dp6O","30hygSjMNLF5RROUjRrZXx"],["_textureSetter"],["cc.SpriteFrame"],0,[[[{"name":"unbelievable_a","rect":[1,1,71,80],"offset":[0,-0.5],"originalSize":[73,81],"capInsets":[0,0,0,0]}],[0],0,[0],[0],[0]],[[{"name":"unbelievable_n","rect":[1,1,71,80],"offset":[0.5,-0.5],"originalSize":[72,81],"capInsets":[0,0,0,0]}],[0],0,[0],[0],[1]],[[{"name":"unbelievable_l","rect":[1,1,35,96],"offset":[0,0],"originalSize":[37,98],"capInsets":[0,0,0,0]}],[0],0,[0],[0],[2]],[[{"name":"unbelievable_e","rect":[1,1,69,79],"offset":[0.5,0],"originalSize":[70,81],"capInsets":[0,0,0,0]}],[0],0,[0],[0],[3]],[[{"name":"unbelievable_!","rect":[0,0,43,98],"offset":[0,0],"originalSize":[43,98],"capInsets":[0,0,0,0]}],[0],0,[0],[0],[4]],[[{"name":"unbelievable_i","rect":[1,2,36,96],"offset":[0,-1],"originalSize":[38,98],"capInsets":[0,0,0,0]}],[0],0,[0],[0],[5]],[[{"name":"unbelievable_b","rect":[1,1,73,96],"offset":[0,0],"originalSize":[75,98],"capInsets":[0,0,0,0]}],[0],0,[0],[0],[6]],[[{"name":"unbelievable_v","rect":[1,0,74,79],"offset":[0,0.5],"originalSize":[76,80],"capInsets":[0,0,0,0]}],[0],0,[0],[0],[7]],[[{"name":"unbelievable_u","rect":[1,1,81,96],"offset":[0,0],"originalSize":[83,98],"capInsets":[0,0,0,0]}],[0],0,[0],[0],[8]]]]