[1,["a4aOI2VvRJQ7Le9/y/jXsZ","41HjSeQHpPxqnj8A+uhT92","9aztrVr9JC4r53BLNmpbWy","d1Gm37MRNDkozKOdpxiBfa","e42QnTJYhB8qikTP3sME7V","beA2AzwItC+ZnCO79kekJb","63q1pRAWZAAKWNk5WP2qn3","3daAwzGrZEPZbd/kE0JLzz","0cvkIgy+xK161IKdPX7fB3","00VCrS2MBO5Z+V0pQebI1d","46c+R0ngtGQ6W+0OCX5GFN","1daR/v5L9GlaKFjrr4NSvG","4bDkR8fyJEYI8OayQICzX2","8cTxaBzkxBe4I2Nrhzwy/O","05Jt9wa3JG2LFGQSlh3usx","9dbNGFoq9Pn4UvubuWJOAk","0emS5BxiJFDpScsKJik4pQ","86r6jCsedBxLmLrL03aomV","8eeAtHWxNMr6vJyYwid9Ah","dd5qSLipFHGYQ4uFtG15LT","68HCb+tDVDRIzSEKkUwjGQ","09lnWYOadIlKfrXILxe+np","7eEFBN11pDTrMb02jGnjCC","e9q7wzWrpEzoiogG+ro1iw","a4XlUmBk9CjbR/pPrk1uBv","a47fQsLwhG0rI2Nf2z2xc5","5bBTC5tqNP6Lq+/NmPk4a4","7e5nKQrSdMKqCs0smu6hqQ"],["_textureSetter","stepicon10","stepicon11","stepicon12","stepicon13","stepicon14","stepicon15","stepicon16","stepicon17","stepicon6","stepicon7","stepicon8","stepicon9","stepname10","stepname11","stepname12","stepname13","stepname14","stepname15","stepname16","stepname17","stepname6","stepname7","stepname8","stepname9","steptitlebg","xingxing","xingxing1"],["cc.SpriteFrame",["cc.SpriteAtlas",["_name","_spriteFrames"],2,11]],[[1,0,1,2]],[[[{"name":"stepicon6","rect":[1,829,133,172],"offset":[0,0],"originalSize":[133,172],"capInsets":[0,0,0,0]}],[0],0,[0],[0],[0]],[[{"name":"stepname11","rect":[1,391,268,131],"offset":[0,0],"originalSize":[268,131],"capInsets":[0,0,0,0]}],[0],0,[0],[0],[0]],[[{"name":"stepname6","rect":[328,223,318,83],"offset":[0,0],"originalSize":[318,83],"capInsets":[0,0,0,0]}],[0],0,[0],[0],[0]],[[{"name":"stepicon17","rect":[713,1,299,199],"offset":[0,0],"originalSize":[299,199],"capInsets":[0,0,0,0]}],[0],0,[0],[0],[0]],[[{"name":"stepname13","rect":[348,92,335,129],"offset":[0,0],"originalSize":[335,129],"capInsets":[0,0,0,0]}],[0],0,[0],[0],[0]],[[{"name":"stepicon8","rect":[542,779,142,209],"offset":[0,0],"originalSize":[142,209],"capInsets":[0,0,0,0]}],[0],0,[0],[0],[0]],[[{"name":"stepicon16","rect":[271,438,249,172],"offset":[0,0],"originalSize":[249,172],"capInsets":[0,0,0,0]}],[0],0,[0],[0],[0]],[[{"name":"stepicon10","rect":[498,628,149,208],"offset":[0,0],"originalSize":[149,208],"rotated":1,"capInsets":[0,0,0,0]}],[0],0,[0],[0],[0]],[[{"name":"stepicon7","rect":[248,786,140,212],"offset":[0,0],"originalSize":[140,212],"capInsets":[0,0,0,0]}],[0],0,[0],[0],[0]],[[{"name":"stepicon9","rect":[686,779,137,209],"offset":[0,0],"originalSize":[137,209],"capInsets":[0,0,0,0]}],[0],0,[0],[0],[0]],[[{"name":"xingxing","rect":[563,308,59,56],"offset":[0,0],"originalSize":[59,56],"capInsets":[0,0,0,0]}],[0],0,[0],[0],[0]],[[{"name":"stepicon15","rect":[1,524,247,172],"offset":[0,0],"originalSize":[247,172],"capInsets":[0,0,0,0]}],[0],0,[0],[0],[0]],[[{"name":"stepname17","rect":[1,85,345,83],"offset":[0,0],"originalSize":[345,83],"capInsets":[0,0,0,0]}],[0],0,[0],[0],[0]],[[{"name":"stepname7","rect":[1,170,325,87],"offset":[0,0],"originalSize":[325,87],"capInsets":[0,0,0,0]}],[0],0,[0],[0],[0]],[[{"name":"xingxing1","rect":[624,308,59,56],"offset":[0,0],"originalSize":[59,56],"capInsets":[0,0,0,0]}],[0],0,[0],[0],[0]],[[{"name":"stepname14","rect":[1,259,289,130],"offset":[0,0],"originalSize":[289,130],"capInsets":[0,0,0,0]}],[0],0,[0],[0],[0]],[[{"name":"stepname10","rect":[292,308,269,128],"offset":[0,0],"originalSize":[269,128],"capInsets":[0,0,0,0]}],[0],0,[0],[0],[0]],[[{"name":"stepname15","rect":[1,1,357,82],"offset":[0,0],"originalSize":[357,82],"capInsets":[0,0,0,0]}],[0],0,[0],[0],[0]],[[{"name":"stepicon11","rect":[681,463,142,210],"offset":[0,0],"originalSize":[142,210],"rotated":1,"capInsets":[0,0,0,0]}],[0],0,[0],[0],[0]],[[{"name":"stepname12","rect":[685,202,325,116],"offset":[0,0],"originalSize":[325,116],"capInsets":[0,0,0,0]}],[0],0,[0],[0],[0]],[[{"name":"stepname9","rect":[893,463,245,129],"offset":[0,0],"originalSize":[245,129],"rotated":1,"capInsets":[0,0,0,0]}],[0],0,[0],[0],[0]],[[{"name":"steptitlebg","rect":[360,1,351,89],"offset":[0,0],"originalSize":[351,89],"capInsets":[0,0,0,0]}],[0],0,[0],[0],[0]],[[{"name":"stepicon14","rect":[250,612,246,172],"offset":[0,0],"originalSize":[246,172],"capInsets":[0,0,0,0]}],[0],0,[0],[0],[0]],[[{"name":"stepicon12","rect":[390,786,150,211],"offset":[0,0],"originalSize":[150,211],"capInsets":[0,0,0,0]}],[0],0,[0],[0],[0]],[[[0,"stepiconlist.plist",[{},"stepicon10",6,0,"stepicon11",6,1,"stepicon12",6,2,"stepicon13",6,3,"stepicon14",6,4,"stepicon15",6,5,"stepicon16",6,6,"stepicon17",6,7,"stepicon6",6,8,"stepicon7",6,9,"stepicon8",6,10,"stepicon9",6,11,"stepname10",6,12,"stepname11",6,13,"stepname12",6,14,"stepname13",6,15,"stepname14",6,16,"stepname15",6,17,"stepname16",6,18,"stepname17",6,19,"stepname6",6,20,"stepname7",6,21,"stepname8",6,22,"stepname9",6,23,"steptitlebg",6,24,"xingxing",6,25,"xingxing1",6,26]]],0,0,[0,0,0,0,0,0,0,0,0,0,0,0,0,0,0,0,0,0,0,0,0,0,0,0,0,0,0],[1,2,3,4,5,6,7,8,9,10,11,12,13,14,15,16,17,18,19,20,21,22,23,24,25,26,27],[1,2,3,4,5,6,7,8,9,10,11,12,13,14,15,16,17,18,19,20,21,22,23,24,25,26,27]],[[{"name":"stepname16","rect":[685,320,267,141],"offset":[0,0],"originalSize":[267,141],"capInsets":[0,0,0,0]}],[0],0,[0],[0],[0]],[[{"name":"stepicon13","rect":[522,438,157,188],"offset":[0,0],"originalSize":[157,188],"capInsets":[0,0,0,0]}],[0],0,[0],[0],[0]],[[{"name":"stepname8","rect":[1,698,245,129],"offset":[0,0],"originalSize":[245,129],"capInsets":[0,0,0,0]}],[0],0,[0],[0],[0]]]]