[1,["6aIadr31xHqp3g46OYs67f","3ecK/yts9EdL4a4NFjgunQ"],["_textureSetter","spriteFrame"],["cc.SpriteFrame",["cc.BitmapFont",["_name","fontSize","_fntConfig"],0]],[[1,0,1,2,4]],[[[{"name":"scorenum2_0","rect":[2,2,238,226],"offset":[-7,13],"originalSize":[256,256],"capInsets":[0,0,0,0]}],[0],0,[0],[0],[0]],[[[0,"scorenum2",32,{"commonHeight":32,"fontSize":32,"atlasName":"scorenum2_0.png","fontDefDictionary":{"46":{"xOffset":0,"yOffset":0,"xAdvance":26,"rect":{"x":162,"y":77,"width":26,"height":76}},"48":{"xOffset":0,"yOffset":0,"xAdvance":57,"rect":{"x":121,"y":0,"width":57,"height":76}},"49":{"xOffset":0,"yOffset":0,"xAdvance":33,"rect":{"x":153,"y":154,"width":33,"height":75}},"50":{"xOffset":0,"yOffset":0,"xAdvance":53,"rect":{"x":189,"y":77,"width":53,"height":75}},"51":{"xOffset":0,"yOffset":0,"xAdvance":53,"rect":{"x":179,"y":0,"width":53,"height":76}},"52":{"xOffset":0,"yOffset":0,"xAdvance":58,"rect":{"x":0,"y":0,"width":58,"height":77}},"53":{"xOffset":0,"yOffset":0,"xAdvance":52,"rect":{"x":0,"y":155,"width":52,"height":75}},"54":{"xOffset":0,"yOffset":0,"xAdvance":53,"rect":{"x":0,"y":78,"width":53,"height":76}},"55":{"xOffset":0,"yOffset":0,"xAdvance":51,"rect":{"x":53,"y":155,"width":51,"height":75}},"56":{"xOffset":0,"yOffset":0,"xAdvance":53,"rect":{"x":54,"y":78,"width":53,"height":76}},"57":{"xOffset":0,"yOffset":0,"xAdvance":53,"rect":{"x":108,"y":77,"width":53,"height":76}},"76":{"xOffset":0,"yOffset":0,"xAdvance":47,"rect":{"x":105,"y":155,"width":47,"height":75}},"86":{"xOffset":0,"yOffset":0,"xAdvance":61,"rect":{"x":59,"y":0,"width":61,"height":76}}},"kerningDict":{}}]],0,0,[0],[1],[1]]]]