[1,["9fIRh644VFfptRnsPTO78w"],["_textureSetter"],["cc.SpriteFrame"],0,[[[{"name":"hammer008","rect":[287,2,211,230],"offset":[0,0],"originalSize":[211,230],"capInsets":[0,0,0,0]}],[0],0,[0],[0],[0]],[[{"name":"hammer010","rect":[2,469,113,120],"offset":[0,0],"originalSize":[113,120],"rotated":1,"capInsets":[0,0,0,0]}],[0],0,[0],[0],[0]],[[{"name":"hammer006","rect":[273,234,145,134],"offset":[0,0],"originalSize":[145,134],"capInsets":[0,0,0,0]}],[0],0,[0],[0],[0]],[[{"name":"hammer007","rect":[2,224,187,142],"offset":[0,0],"originalSize":[187,142],"capInsets":[0,0,0,0]}],[0],0,[0],[0],[0]],[[{"name":"hammer001","rect":[2,469,113,120],"offset":[0,0],"originalSize":[113,120],"rotated":1,"capInsets":[0,0,0,0]}],[0],0,[0],[0],[0]],[[{"name":"hammer004","rect":[2,368,99,136],"offset":[0,0],"originalSize":[99,136],"rotated":1,"capInsets":[0,0,0,0]}],[0],0,[0],[0],[0]],[[{"name":"hammer005","rect":[140,436,105,130],"offset":[0,0],"originalSize":[105,130],"rotated":1,"capInsets":[0,0,0,0]}],[0],0,[0],[0],[0]],[[{"name":"hammer002","rect":[413,398,97,136],"offset":[0,0],"originalSize":[97,136],"capInsets":[0,0,0,0]}],[0],0,[0],[0],[0]],[[{"name":"hammer003","rect":[273,370,99,138],"offset":[0,0],"originalSize":[99,138],"rotated":1,"capInsets":[0,0,0,0]}],[0],0,[0],[0],[0]],[[{"name":"hammer009","rect":[2,2,283,220],"offset":[0,0],"originalSize":[283,220],"capInsets":[0,0,0,0]}],[0],0,[0],[0],[0]]]]