[1,["84WJcTyshFyrJGDrebm+F1"],["_texture"],[["dragonBones.DragonBonesAtlasAsset",["_name","_atlasJson"],1]],[[0,0,1,3]],[[0,"posui_tex","{\"SubTexture\":[{\"width\":128,\"y\":132,\"height\":129,\"name\":\"g5\",\"x\":131},{\"width\":128,\"y\":1,\"height\":129,\"name\":\"g7\",\"x\":1},{\"width\":128,\"y\":132,\"height\":129,\"name\":\"g1\",\"x\":1},{\"width\":128,\"y\":263,\"height\":129,\"name\":\"g2\",\"x\":1},{\"width\":128,\"y\":1,\"height\":129,\"name\":\"g3\",\"x\":131},{\"width\":128,\"y\":1,\"height\":129,\"name\":\"g6\",\"x\":261},{\"width\":128,\"y\":263,\"height\":129,\"name\":\"g4\",\"x\":131},{\"width\":50,\"y\":462,\"height\":34,\"name\":\"s35\",\"x\":53},{\"width\":50,\"y\":462,\"height\":34,\"name\":\"s45\",\"x\":1},{\"width\":50,\"y\":132,\"height\":34,\"name\":\"s75\",\"x\":332},{\"width\":49,\"y\":462,\"height\":34,\"name\":\"s25\",\"x\":261},{\"width\":50,\"y\":462,\"height\":34,\"name\":\"s15\",\"x\":209},{\"width\":50,\"y\":462,\"height\":34,\"name\":\"s65\",\"x\":157},{\"width\":50,\"y\":462,\"height\":34,\"name\":\"s55\",\"x\":105},{\"width\":23,\"y\":422,\"height\":22,\"name\":\"s44\",\"x\":285},{\"width\":23,\"y\":470,\"height\":22,\"name\":\"s24\",\"x\":312},{\"width\":23,\"y\":446,\"height\":22,\"name\":\"s54\",\"x\":337},{\"width\":23,\"y\":470,\"height\":22,\"name\":\"s74\",\"x\":337},{\"width\":23,\"y\":422,\"height\":22,\"name\":\"s14\",\"x\":310},{\"width\":23,\"y\":446,\"height\":22,\"name\":\"s34\",\"x\":312},{\"width\":23,\"y\":422,\"height\":22,\"name\":\"s64\",\"x\":337},{\"width\":16,\"y\":236,\"height\":16,\"name\":\"s53\",\"x\":261},{\"width\":16,\"y\":218,\"height\":16,\"name\":\"s73\",\"x\":261},{\"width\":16,\"y\":272,\"height\":16,\"name\":\"s33\",\"x\":261},{\"width\":16,\"y\":200,\"height\":16,\"name\":\"s13\",\"x\":261},{\"width\":16,\"y\":254,\"height\":16,\"name\":\"s63\",\"x\":261},{\"width\":16,\"y\":494,\"height\":16,\"name\":\"s23\",\"x\":312},{\"width\":16,\"y\":290,\"height\":16,\"name\":\"s43\",\"x\":261},{\"width\":33,\"y\":149,\"height\":35,\"name\":\"s42\",\"x\":462},{\"width\":33,\"y\":237,\"height\":35,\"name\":\"s12\",\"x\":285},{\"width\":33,\"y\":385,\"height\":35,\"name\":\"s62\",\"x\":285},{\"width\":33,\"y\":137,\"height\":35,\"name\":\"s22\",\"x\":427},{\"width\":33,\"y\":274,\"height\":35,\"name\":\"s32\",\"x\":285},{\"width\":33,\"y\":311,\"height\":35,\"name\":\"s72\",\"x\":261},{\"width\":33,\"y\":348,\"height\":35,\"name\":\"s52\",\"x\":261},{\"width\":41,\"y\":137,\"height\":35,\"name\":\"s31\",\"x\":384},{\"width\":41,\"y\":1,\"height\":35,\"name\":\"s51\",\"x\":462},{\"width\":41,\"y\":168,\"height\":35,\"name\":\"s71\",\"x\":332},{\"width\":41,\"y\":75,\"height\":35,\"name\":\"s21\",\"x\":462},{\"width\":41,\"y\":112,\"height\":35,\"name\":\"s41\",\"x\":462},{\"width\":41,\"y\":38,\"height\":35,\"name\":\"s11\",\"x\":462},{\"width\":41,\"y\":200,\"height\":35,\"name\":\"s61\",\"x\":285},{\"width\":69,\"y\":394,\"height\":66,\"name\":\"x1\",\"x\":143},{\"width\":69,\"y\":394,\"height\":66,\"name\":\"x6\",\"x\":72},{\"width\":69,\"y\":1,\"height\":66,\"name\":\"x5\",\"x\":391},{\"width\":69,\"y\":394,\"height\":66,\"name\":\"x4\",\"x\":1},{\"width\":69,\"y\":394,\"height\":66,\"name\":\"x7\",\"x\":214},{\"width\":69,\"y\":69,\"height\":66,\"name\":\"x2\",\"x\":391},{\"width\":69,\"y\":132,\"height\":66,\"name\":\"x3\",\"x\":261}],\"width\":505,\"imagePath\":\"posui_tex.png\",\"height\":512,\"name\":\"posui\"}"]],0,0,[0],[0],[0]]