[1,["deIEfaUoNKH7e6DSpm63W8","2b7y8blsRPL7k8mW4VstS/"],["_textureSetter","spriteFrame"],["cc.SpriteFrame",["cc.BitmapFont",["_name","fontSize","_fntConfig"],0]],[[1,0,1,2,4]],[[[{"name":"numa_0","rect":[0,0,505,265],"offset":[-3.5,123.5],"originalSize":[512,512],"capInsets":[0,0,0,0]}],[0],0,[0],[0],[0]],[[[0,"numa",32,{"commonHeight":32,"fontSize":32,"atlasName":"numa_0.png","fontDefDictionary":{"48":{"xOffset":0,"yOffset":0,"xAdvance":86,"rect":{"x":0,"y":133,"width":86,"height":132}},"49":{"xOffset":0,"yOffset":0,"xAdvance":57,"rect":{"x":448,"y":0,"width":57,"height":132}},"50":{"xOffset":0,"yOffset":0,"xAdvance":87,"rect":{"x":360,"y":0,"width":87,"height":132}},"51":{"xOffset":0,"yOffset":0,"xAdvance":85,"rect":{"x":87,"y":133,"width":85,"height":132}},"52":{"xOffset":0,"yOffset":0,"xAdvance":92,"rect":{"x":0,"y":0,"width":92,"height":132}},"53":{"xOffset":0,"yOffset":0,"xAdvance":85,"rect":{"x":173,"y":133,"width":85,"height":132}},"54":{"xOffset":0,"yOffset":0,"xAdvance":88,"rect":{"x":93,"y":0,"width":88,"height":132}},"55":{"xOffset":0,"yOffset":0,"xAdvance":80,"rect":{"x":259,"y":133,"width":80,"height":132}},"56":{"xOffset":0,"yOffset":0,"xAdvance":88,"rect":{"x":182,"y":0,"width":88,"height":132}},"57":{"xOffset":0,"yOffset":0,"xAdvance":88,"rect":{"x":271,"y":0,"width":88,"height":132}}},"kerningDict":{}}]],0,0,[0],[1],[1]]]]