[1,["93DguRSztNu54c4E70gk6U","22MnUE1yNICZ7cfOqYNW2b"],["spriteFrame","_textureSetter"],["cc.SpriteFrame",["cc.BitmapFont",["_name","fontSize","_fntConfig"],0]],[[1,0,1,2,4]],[[[[0,"numd",32,{"commonHeight":32,"fontSize":32,"atlasName":"numd_0.png","fontDefDictionary":{"43":{"xOffset":0,"yOffset":0,"xAdvance":35,"rect":{"x":141,"y":47,"width":35,"height":45}},"48":{"xOffset":0,"yOffset":0,"xAdvance":39,"rect":{"x":0,"y":0,"width":39,"height":46}},"49":{"xOffset":0,"yOffset":0,"xAdvance":30,"rect":{"x":110,"y":47,"width":30,"height":46}},"50":{"xOffset":0,"yOffset":0,"xAdvance":35,"rect":{"x":74,"y":47,"width":35,"height":46}},"51":{"xOffset":0,"yOffset":0,"xAdvance":37,"rect":{"x":118,"y":0,"width":37,"height":46}},"52":{"xOffset":0,"yOffset":0,"xAdvance":36,"rect":{"x":156,"y":0,"width":36,"height":46}},"53":{"xOffset":0,"yOffset":0,"xAdvance":38,"rect":{"x":40,"y":0,"width":38,"height":46}},"54":{"xOffset":0,"yOffset":0,"xAdvance":36,"rect":{"x":193,"y":0,"width":36,"height":46}},"55":{"xOffset":0,"yOffset":0,"xAdvance":36,"rect":{"x":0,"y":47,"width":36,"height":46}},"56":{"xOffset":0,"yOffset":0,"xAdvance":38,"rect":{"x":79,"y":0,"width":38,"height":46}},"57":{"xOffset":0,"yOffset":0,"xAdvance":36,"rect":{"x":37,"y":47,"width":36,"height":46}}},"kerningDict":{}}]],0,0,[0],[0],[0]],[[{"name":"numd_0","rect":[0,0,229,93],"offset":[-13.5,81.5],"originalSize":[256,256],"capInsets":[0,0,0,0]}],[0],0,[0],[1],[1]]]]