[1,["ecpdLyjvZBwrvm+cedCcQy","43rIOkAtRNGYsWo0BWRBpx","b1NyUyHuFGALh+2sfwu2gl","75CrIa+AJDBpSRXSdKmAgX","c5JhcaB2RI/Jek34p40NiY","a5DJy2gHFHS5ZBoxAYtsX0","ffEk0FmUlA5Jqrc2fcPVnc","a2juP9/kFDJoef5Ffx+R46"],["node","_spriteFrame","_textureSetter","root","data","_defaultClip"],[["cc.Node",["_name","_opacity","_components","_prefab","_parent","_trs","_contentSize","_children","_eulerAngles"],1,9,4,1,7,5,2,5],"cc.SpriteFrame",["cc.PrefabInfo",["fileId","root","asset"],2,1,1],["cc.Prefab",["_name"],2],["cc.Animation",["playOnLoad","node","_clips","_defaultClip"],2,1,3,6],["cc.Sprite",["node","_materials","_spriteFrame"],3,1,3,6],["cc.ParticleSystem",["_enabled","_custom","totalParticles","duration","emissionRate","life","lifeVar","angle","angleVar","startSize","startSizeVar","endSize","endSizeVar","endSpin","endSpinVar","_positionType","speed","speedVar","tangentialAccel","node","_materials","_startColor","_startColorVar","_endColor","_endColorVar","posVar","_spriteFrame"],-16,1,3,8,8,8,8,5,6],["cc.AnimationClip",["_name","_duration","curveData"],1,11]],[[2,0,1,2,2],[5,0,1,2,1],[0,0,4,2,3,6,5,2],[0,0,4,2,3,6,5,8,2],[3,0,2],[0,0,7,2,3,5,2],[0,0,1,4,2,3,6,5,3],[0,0,4,2,3,6,2],[0,0,4,2,3,2],[4,0,1,2,3,2],[2,1,2,1],[6,0,1,2,3,4,5,6,7,8,9,10,11,12,13,14,15,16,17,18,19,20,21,22,23,24,25,26,20],[7,0,1,2,3]],[[[[4,"popNewScore"],[5,"popNewScore",[-3,-4,-5,-6,-7,-8,-9,-10],[[9,true,-2,[17],16]],[10,-1,0],[0,224.334,0,0,0,0,1,1,1,1]],[6,"score_texiao",114.9794999633105,1,[[1,-11,[0],1]],[0,"30/BvgNotJ0oTfpWTL1c9W",1,0],[5,525,78],[0,0,0,0,0,0,1,1.1098200000287761,1.1098200000287761,1]],[7,"score",1,[[1,-12,[2],3]],[0,"e9VhzDdfhDcJhWUxRRMrLD",1,0],[5,509,58]],[3,"sg1",1,[[1,-13,[4],5]],[0,"04mGsa9sJHG47hxbpHzJxY",1,0],[5,109,108],[-156.145,26.768,0,0,0,-0.41801770451940223,0.9084388800069764,0.5491000001438804,0.5491000001438804,1],[1,0,0,-49.41900001294923]],[2,"sg2",1,[[1,-14,[6],7]],[0,"77wUFF2c9PJqrwHYuRJye+",1,0],[5,109,108],[2.677,23.199,0,0,0,0,1,0,0,1]],[2,"sg3",1,[[1,-15,[8],9]],[0,"a8MO0HE4ZCQJT34L1wEHpm",1,0],[5,109,108],[33.013,-17.845,0,0,0,0,1,0,0,1]],[3,"sg4",1,[[1,-16,[10],11]],[0,"47NoPmQTdJepYOubWvpALd",1,0],[5,109,108],[150.791,22.307,0,0,0,-0.03855349273785874,0.999256537730783,0.049100000143880176,0.049100000143880176,1],[1,0,0,-4.4190000129492155]],[2,"sg5",1,[[1,-17,[12],13]],[0,"e0TivgMt5Mg7SNlKtuvhOU",1,0],[5,109,108],[227.525,6.246,0,0,0,0,1,0,0,1]],[8,"Particle",1,[[11,false,true,200,0.2,200,0.20000000298023224,0.3,360,360,30,10,20,10,-47.369998931884766,-142.11000061035156,1,100,100,0,-18,[14],[4,2734751743],[4,3321888768],[4,3590378495],[4,3154132224],[0,150,7],15]],[0,"69U5a8mGdFb4z/qH+g7oUm",1,0]]],0,[0,3,1,0,0,1,0,-1,2,0,-2,3,0,-3,4,0,-4,5,0,-5,6,0,-6,7,0,-7,8,0,-8,9,0,0,2,0,0,3,0,0,4,0,0,5,0,0,6,0,0,7,0,0,8,0,0,9,0,4,1,18],[0,0,0,0,0,0,0,0,0,0,0,0,0,0,0,0,0,0],[-1,1,-1,1,-1,1,-1,1,-1,1,-1,1,-1,1,-1,1,5,-1],[0,3,0,4,0,1,0,1,0,1,0,1,0,1,0,5,2,2]],[[{"name":"score_texiao","rect":[1,1,523,76],"offset":[0,0],"originalSize":[525,78],"capInsets":[0,0,0,0]}],[1],0,[0],[2],[6]],[[[12,"popNewScore",2.5,[{},"paths",11,[{"Particle":{"props":{"active":[{"frame":0,"value":false},{"frame":0.8333333333333334,"value":true}]}}},"score",11,[{},"props",11,[{},"scale",12,[[[{"frame":0,"curve":[0.18,0.89,0.31,1.21]},"value",8,[1,0,0,1]],[{"frame":0.5},"value",8,[1,1,1,1]],[{"frame":2,"curve":[0.6,-0.27,0.73,0.04]},"value",8,[1,1,1,1]],[{"frame":2.5},"value",8,[1,0,0,1]]],11,11,11,11]]],"score_texiao",11,[{},"props",11,[{"opacity":[{"frame":0.4166666666666667,"value":0},{"frame":0.5,"value":255},{"frame":0.6666666666666666,"value":255},{"frame":1,"value":0}]},"scale",12,[[[{"frame":0.6666666666666666},"value",8,[1,1,1,1]],[{"frame":1},"value",8,[1,1.2,1.2,1]]],11,11]]],"sg1",11,[{},"props",11,[{"angle":[{"frame":0.6666666666666666,"value":0},{"frame":1,"value":-90}]},"scale",12,[[[{"frame":0.6666666666666666},"value",8,[1,0,0,1]],[{"frame":1},"value",8,[1,1,1,1]],[{"frame":1.3333333333333333},"value",8,[1,0,0,1]]],11,11,11]]],"sg2",11,[{},"props",11,[{"angle":[{"frame":1.1666666666666667,"value":0},{"frame":1.5,"value":-90}]},"scale",12,[[[{"frame":1.1666666666666667},"value",8,[1,0,0,1]],[{"frame":1.5},"value",8,[1,1,1,1]],[{"frame":1.8333333333333333},"value",8,[1,0,0,1]]],11,11,11]]],"sg3",11,[{},"props",11,[{"angle":[{"frame":1.3333333333333333,"value":0},{"frame":1.6666666666666667,"value":-90}]},"scale",12,[[[{"frame":1.3333333333333333},"value",8,[1,0,0,1]],[{"frame":1.6666666666666667},"value",8,[1,1,1,1]],[{"frame":2},"value",8,[1,0,0,1]]],11,11,11]]],"sg4",11,[{},"props",11,[{"angle":[{"frame":0.8333333333333334,"value":0},{"frame":1.1666666666666667,"value":-90}]},"scale",12,[[[{"frame":0.8333333333333334},"value",8,[1,0,0,1]],[{"frame":1.1666666666666667},"value",8,[1,1,1,1]],[{"frame":1.5},"value",8,[1,0,0,1]]],11,11,11]]],"sg5",11,[{},"props",11,[{"angle":[{"frame":1.3333333333333333,"value":0},{"frame":1.6666666666666667,"value":-90}]},"scale",12,[[[{"frame":1.3333333333333333},"value",8,[1,0,0,1]],[{"frame":1.6666666666666667},"value",8,[1,1,1,1]],[{"frame":2},"value",8,[1,0,0,1]]],11,11,11]]]]]]],0,0,[],[],[]],[[{"name":"score","rect":[0,0,509,58],"offset":[0,0],"originalSize":[509,58],"capInsets":[0,0,0,0]}],[1],0,[0],[2],[7]]]]