[1,["a6Wsm1G6dL6otVI7xzD/zO","410iWMo/JO2LxjlrYk6GzM"],["_textureSetter","root","node","data","_spriteFrame"],["cc.SpriteFrame",["cc.Prefab",["_name"],2],["cc.Node",["_name","_components","_prefab","_contentSize"],2,9,4,5],["cc.Sprite",["_sizeMode","node","_spriteFrame"],2,1,6],["cc.PrefabInfo",["fileId","root"],2,1]],[[1,0,2],[2,0,1,2,3,2],[3,0,1,2,2],[4,0,1,2]],[[[{"name":"get_light2","rect":[2,2,16,16],"offset":[0,0],"originalSize":[20,20],"capInsets":[0,0,0,0]}],[0],0,[0],[0],[0]],[[[0,"sp_light"],[1,"sp_light",[[2,0,-2,0]],[3,"32/2p5hfpMn6heKqHmzLeb",-1],[5,80,80]]],0,[0,1,1,0,2,1,0,3,1,2],[0],[4],[1]]]]