[1,["fbzXaqW6xBLLCLktcO7DHw"],["_textureSetter"],["cc.SpriteFrame"],0,[[[{"name":"mon1move3","rect":[234,0,74,98],"offset":[0,0],"originalSize":[74,98],"capInsets":[0,0,0,0]}],[0],0,[0],[0],[0]],[[{"name":"mon1move5","rect":[382,0,74,98],"offset":[0,0],"originalSize":[74,98],"capInsets":[0,0,0,0]}],[0],0,[0],[0],[0]],[[{"name":"mon1move2","rect":[160,0,74,98],"offset":[0,0],"originalSize":[74,98],"capInsets":[0,0,0,0]}],[0],0,[0],[0],[0]],[[{"name":"mon1move1","rect":[86,0,74,98],"offset":[0,0],"originalSize":[74,98],"capInsets":[0,0,0,0]}],[0],0,[0],[0],[0]],[[{"name":"mon1move6","rect":[0,98,74,98],"offset":[0,0],"originalSize":[74,98],"capInsets":[0,0,0,0]}],[0],0,[0],[0],[0]],[[{"name":"mon1move4","rect":[308,0,74,98],"offset":[0,0],"originalSize":[74,98],"capInsets":[0,0,0,0]}],[0],0,[0],[0],[0]]]]