[1,["71VhFCTINJM6/Ky3oX9nBT","68iibTILVLdIqNnuh4femL","fcFTaFlkxGCohPkjiCpYEK","b4P/PCArtIdIH38t6mlw8Y","e8Ueib+qJEhL6mXAHdnwbi"],["_textureSetter"],["cc.SpriteFrame",["cc.AnimationClip",["_name","_duration","wrapMode","curveData"],0,11]],[[1,0,1,2,3,4]],[[[{"name":"default_btn_disabled","rect":[0,0,40,40],"offset":[0,0],"originalSize":[40,40],"capInsets":[12,12,12,12]}],[0],0,[0],[0],[0]],[[{"name":"prop_bomb2","rect":[0,0,113,113],"offset":[0,0],"originalSize":[113,113],"capInsets":[0,0,0,0]}],[0],0,[0],[0],[1]],[[{"name":"prop_rainbow2","rect":[0,0,113,113],"offset":[0,0],"originalSize":[113,113],"capInsets":[0,0,0,0]}],[0],0,[0],[0],[2]],[[[0,"word_qdj",0.3333333333333333,2,[{},"props",11,[{},"scale",12,[[[{"frame":0},"value",8,[1,1,1,1]],[{"frame":0.16666666666666666},"value",8,[1,1.2,1.2,1]],[{"frame":0.3333333333333333},"value",8,[1,1,1,1]]],11,11,11]]]]],0,0,[],[],[]],[[{"name":"default_btn_pressed","rect":[0,0,40,40],"offset":[0,0],"originalSize":[40,40],"capInsets":[12,12,12,12]}],[0],0,[0],[0],[3]],[[{"name":"default_btn_normal","rect":[0,0,40,40],"offset":[0,0],"originalSize":[40,40],"capInsets":[12,12,12,12]}],[0],0,[0],[0],[4]]]]